<?xml version="1.0"?>
<VOTABLE version="1.2"
  xmlns:xsi="http://www.w3.org/2001/XMLSchema-instance"
  xmlns="http://www.ivoa.net/xml/VOTable/v1.2"
  xsi:SchemaLocation="http://www.ivoa.net/xml/VOTable/v1.2"
  xmlns:stc="http://www.ivoa.net/xml/STC/v1.30">
<RESOURCE name="CSC">
<TABLE name="RA:83.8221,DEC:-5.39111,SR:0.016666,VERB:2,TIME:2012/10/18_16:39:23">
<DESCRIPTION>
Chandra Source Catalog VO Cone Search Service
</DESCRIPTION>
 <GROUP utype="stc:AstroCoordSystem" ID="ICRS">
   <DESCRIPTION>ICRS Coordinate System</DESCRIPTION>
   <GROUP utype="stc:AstroCoordSystem.TimeFrame">
     <PARAM name="TimeScale" datatype="char" arraysize="*"
           utype="stc:AstroCoordSystem.TimeFrame.TimeScale" value="TT"/>
     <PARAM name="TimeRefPosition" datatype="char" arraysize="*"
           utype="stc:AstroCoordSystem.TimeFrame.ReferencePosition"
           value="TOPOCENTER"/>
   </GROUP>
   <GROUP utype="stc:AstroCoordSystem.SpaceFrame">
     <PARAM name="SpaceRefFrame" datatype="char" arraysize="*"
           utype="stc:AstroCoordSystem.SpaceFrame.SpaceRefFrame"
           value="ICRS"/>
     <PARAM name="SpaceRefPosition" datatype="char" arraysize="*"
           utype="stc:AstroCoordSystem.SpaceFrame.ReferencePosition"
           value="TOPOCENTER"/>
   </GROUP>
   <GROUP utype="stc:AstroCoordSystem.SpectralFrame">
     <PARAM name="SpectralRefPosition" datatype="char" arraysize="*"
           utype="stc:AstroCoordSystem.SpectralFrame.ReferencePosition"
           value="TOPOCENTER"/>
   </GROUP>
 </GROUP>
 <GROUP ID="ICRScoords" utype="stc:AstroCoords">
   <DESCRIPTION>ICRS coordinates</DESCRIPTION>
   <PARAM datatype="char" arraysize="*" ucd="pos.frame" name="cooframe"
         utype="stc:AstroCoords.coord_system_id" value="ICRS"/>
     <FIELDref ref="col1"/>
     <FIELDref ref="col2"/>
     <FIELDref ref="col3"/>
 </GROUP>
<FIELD ID="col0" arraysize="*" datatype="char" name="name" ucd="meta.id;meta.main" width="20">
<DESCRIPTION>Source name in the format 'CXO Jhhmmss.s +/- ddmmss'</DESCRIPTION>
</FIELD>
<FIELD ID="col1" datatype="double" name="ra" precision="F5" ref="ICRScoords" ucd="pos.eq.ra;meta.main" utype="stc:AstroCoords.Position2D.Value2.C1" width="9">
<DESCRIPTION>Source position, ICRS right ascension</DESCRIPTION>
</FIELD>
<FIELD ID="col2" datatype="double" name="dec" precision="F5" ref="ICRScoords" ucd="pos.eq.dec;meta.main" utype="stc:AstroCoords.Position2D.Value2.C2" width="9">
<DESCRIPTION>Source position, ICRS declination</DESCRIPTION>
</FIELD>
<FIELD ID="col3" datatype="double" name="err_ellipse_r0" precision="F2" ref="ICRScoords" ucd="phys.angSize.smaj;pos.errorEllipse" unit="arcsec" utype="stc:AstroCoords.Position2D.Error2.C1" width="7">
<DESCRIPTION>Major radius of the 95% confidence level error ellipse</DESCRIPTION>
</FIELD>
<FIELD ID="col4" datatype="char" name="conf_flag" ucd="meta.code" width="5">
<DESCRIPTION>Source regions overlap (source is confused)</DESCRIPTION>
</FIELD>
<FIELD ID="col5" datatype="char" name="extent_flag" ucd="meta.code;phys.angSize" width="5">
<DESCRIPTION>Deconvolved source extent is inconsistent with a point source at the 90% confidence level</DESCRIPTION>
</FIELD>
<FIELD ID="col6" datatype="char" name="sat_src_flag" ucd="meta.code.qual;instr.saturation" width="5">
<DESCRIPTION>Source is saturated in all observations; source properties are unreliable</DESCRIPTION>
</FIELD>
<FIELD ID="col7" datatype="double" name="flux_aper_b" precision="E3" ucd="phot.flux;src.net;em.X-ray" unit="erg/s*cm^2" width="9">
<DESCRIPTION>Aperture-corrected net energy flux inferred from the source region aperture, calculated by counting X-ray events; ACIS broad energy band</DESCRIPTION>
</FIELD>
<FIELD ID="col8" datatype="double" name="flux_aper_lolim_b" precision="E3" ucd="stat.error;phot.flux;src.net;stat.min;em.X-ray" unit="erg/s*cm^2" width="9">
<DESCRIPTION>Aperture-corrected net energy flux inferred from the source region aperture, calculated by counting X-ray events (68% lower confidence limit); ACIS broad energy band</DESCRIPTION>
</FIELD>
<FIELD ID="col9" datatype="double" name="flux_aper_hilim_b" precision="E3" ucd="stat.error;phot.flux;src.net;stat.max;em.X-ray" unit="erg/s*cm^2" width="9">
<DESCRIPTION>Aperture-corrected net energy flux inferred from the source region aperture, calculated by counting X-ray events (68% upper confidence limit); ACIS broad energy band</DESCRIPTION>
</FIELD>
<FIELD ID="col10" datatype="double" name="flux_aper_w" precision="E3" ucd="phot.flux;src.net;em.X-ray" unit="erg/s*cm^2" width="9">
<DESCRIPTION>Aperture-corrected net energy flux inferred from the source region aperture, calculated by counting X-ray events; HRC wide energy band</DESCRIPTION>
</FIELD>
<FIELD ID="col11" datatype="double" name="flux_aper_lolim_w" precision="E3" ucd="stat.error;phot.flux;src.net;stat.min;em.X-ray" unit="erg/s*cm^2" width="9">
<DESCRIPTION>Aperture-corrected net energy flux inferred from the source region aperture, calculated by counting X-ray events (68% lower confidence limit); HRC wide energy band</DESCRIPTION>
</FIELD>
<FIELD ID="col12" datatype="double" name="flux_aper_hilim_w" precision="E3" ucd="stat.error;phot.flux;src.net;stat.max;em.X-ray" unit="erg/s*cm^2" width="9">
<DESCRIPTION>Aperture-corrected net energy flux inferred from the source region aperture, calculated by counting X-ray events (68% upper confidence limit); HRC wide energy band</DESCRIPTION>
</FIELD>
<FIELD ID="col13" datatype="double" name="significance" precision="F2" ucd="stat.snr" width="7">
<DESCRIPTION>Highest source flux significance across all observations</DESCRIPTION>
</FIELD>
<FIELD ID="col14" datatype="double" name="hard_hm" precision="F4" ucd="phot.color;em.X-ray" width="9">
<DESCRIPTION>Spectral hardness ratio measured between ACIS energy bands 'h' and 'm'; hard_hm = (flux_aper_h - flux_aper_m)/flux_aper_b</DESCRIPTION>
</FIELD>
<FIELD ID="col15" datatype="double" name="hard_hm_lolim" precision="F4" ucd="stat.error;phot.color;stat.min;em.X-ray" width="9">
<DESCRIPTION>Spectral hardness ratio measured between ACIS energy bands 'h' and 'm'; hard_hm = (flux_aper_h - flux_aper_m)/flux_aper_b (68% lower confidence limit)</DESCRIPTION>
</FIELD>
<FIELD ID="col16" datatype="double" name="hard_hm_hilim" precision="F4" ucd="stat.error;phot.color;stat.max;em.X-ray" width="9">
<DESCRIPTION>Spectral hardness ratio measured between ACIS energy bands 'h' and 'm'; hard_hm = (flux_aper_h - flux_aper_m)/flux_aper_b (68% upper confidence limit)</DESCRIPTION>
</FIELD>
<FIELD ID="col17" datatype="double" name="hard_ms" precision="F4" ucd="phot.color;em.X-ray" width="9">
<DESCRIPTION>Spectral hardness ratio measured between ACIS energy bands 'm' and 's'; hard_ms = (flux_aper_m - flux_aper_s)/flux_aper_b</DESCRIPTION>
</FIELD>
<FIELD ID="col18" datatype="double" name="hard_ms_lolim" precision="F4" ucd="stat.error;phot.color;stat.min;em.X-ray" width="9">
<DESCRIPTION>Spectral hardness ratio measured between ACIS energy bands 'm' and 's'; hard_ms = (flux_aper_m - flux_aper_s)/flux_aper_b (68% lower confidence limit)</DESCRIPTION>
</FIELD>
<FIELD ID="col19" datatype="double" name="hard_ms_hilim" precision="F4" ucd="stat.error;phot.color;stat.max;em.X-ray" width="9">
<DESCRIPTION>Spectral hardness ratio measured between ACIS energy bands 'm' and 's'; hard_ms = (flux_aper_m - flux_aper_s)/flux_aper_b (68% upper confidence limit)</DESCRIPTION>
</FIELD>
<FIELD ID="col20" datatype="short" name="var_intra_index_b" ucd="src.var.index;em.X-ray" width="6">
<DESCRIPTION>Intra-observation Gregory-Loredo variability index in the range [0, 10] (highest value across all observations); ACIS broad energy band</DESCRIPTION>
<VALUES null='-32768'/>
</FIELD>
<FIELD ID="col21" datatype="short" name="var_intra_index_w" ucd="src.var.index;em.X-ray" width="6">
<DESCRIPTION>Intra-observation Gregory-Loredo variability index in the range [0, 10] (highest value across all observations); HRC wide energy band</DESCRIPTION>
<VALUES null='-32768'/>
</FIELD>
<FIELD ID="col22" datatype="short" name="var_inter_index_b" ucd="src.var.index;em.X-ray" width="6">
<DESCRIPTION>Inter-observation variability index in the range [0, 10]; indicates whether the source region photon flux is constant between observations; ACIS broad energy band</DESCRIPTION>
<VALUES null='-32768'/>
</FIELD>
<FIELD ID="col23" datatype="short" name="var_inter_index_w" ucd="src.var.index;em.X-ray" width="6">
<DESCRIPTION>Inter-observation variability index in the range [0, 10]; indicates whether the source region photon flux is constant between observations; HRC wide energy band</DESCRIPTION>
<VALUES null='-32768'/>
</FIELD>
<DATA>
<TABLEDATA>
  <TR>
    <TD>CXO J053513.4-052340</TD>
    <TD>83.80601567</TD>
    <TD>-5.39448431</TD>
    <TD>0.14563</TD>
    <TD>F</TD>
    <TD>F</TD>
    <TD>F</TD>
    <TD>6.97894E-14</TD>
    <TD>6.85624E-14</TD>
    <TD>7.10287E-14</TD>
    <TD>5.88765E-14</TD>
    <TD>5.56953E-14</TD>
    <TD>6.20898E-14</TD>
    <TD>25.9701</TD>
    <TD>-0.0822159</TD>
    <TD>-0.103467</TD>
    <TD>-0.0608849</TD>
    <TD>-0.33969</TD>
    <TD>-0.370832</TD>
    <TD>-0.308476</TD>
    <TD>10</TD>
    <TD>0</TD>
    <TD>8</TD>
    <TD>-32768</TD>
  </TR>
  <TR>
    <TD>CXO J053513.5-052330</TD>
    <TD>83.80637907</TD>
    <TD>-5.39185304</TD>
    <TD>0.14712</TD>
    <TD>T</TD>
    <TD>F</TD>
    <TD>F</TD>
    <TD>6.78161E-14</TD>
    <TD>6.65089E-14</TD>
    <TD>6.91366E-14</TD>
    <TD>3.03441E-14</TD>
    <TD>2.80268E-14</TD>
    <TD>3.26849E-14</TD>
    <TD>28.5808</TD>
    <TD>0.0105262</TD>
    <TD>-0.0109229</TD>
    <TD>0.0322564</TD>
    <TD>-0.326373</TD>
    <TD>-0.353819</TD>
    <TD>-0.299148</TD>
    <TD>10</TD>
    <TD>0</TD>
    <TD>8</TD>
    <TD>-32768</TD>
  </TR>
  <TR>
    <TD>CXO J053513.9-052319</TD>
    <TD>83.80801443</TD>
    <TD>-5.3888603</TD>
    <TD>0.21491</TD>
    <TD>F</TD>
    <TD>F</TD>
    <TD>F</TD>
    <TD>5.27045E-15</TD>
    <TD>4.80761E-15</TD>
    <TD>5.73796E-15</TD>
    <TD></TD>
    <TD></TD>
    <TD></TD>
    <TD>11.0835</TD>
    <TD>-0.161814</TD>
    <TD>-0.22216</TD>
    <TD>-0.103899</TD>
    <TD>-0.290804</TD>
    <TD>-0.363042</TD>
    <TD>-0.21809</TD>
    <TD>2</TD>
    <TD>-32768</TD>
    <TD>6</TD>
    <TD>-32768</TD>
  </TR>
  <TR>
    <TD>CXO J053514.0-052338</TD>
    <TD>83.8085595</TD>
    <TD>-5.3939577</TD>
    <TD>0.14728</TD>
    <TD>F</TD>
    <TD>F</TD>
    <TD>F</TD>
    <TD>5.66661E-14</TD>
    <TD>5.54982E-14</TD>
    <TD>5.78459E-14</TD>
    <TD>2.97063E-14</TD>
    <TD>2.74026E-14</TD>
    <TD>3.20332E-14</TD>
    <TD>30.9082</TD>
    <TD>-0.0350682</TD>
    <TD>-0.0573876</TD>
    <TD>-0.0129662</TD>
    <TD>-0.176479</TD>
    <TD>-0.203986</TD>
    <TD>-0.149003</TD>
    <TD>10</TD>
    <TD>7</TD>
    <TD>8</TD>
    <TD>-32768</TD>
  </TR>
  <TR>
    <TD>CXO J053514.2-052304</TD>
    <TD>83.80953052</TD>
    <TD>-5.38444889</TD>
    <TD>0.15885</TD>
    <TD>F</TD>
    <TD>F</TD>
    <TD>F</TD>
    <TD>5.45327E-14</TD>
    <TD>5.33644E-14</TD>
    <TD>5.57128E-14</TD>
    <TD></TD>
    <TD></TD>
    <TD></TD>
    <TD>24.4025</TD>
    <TD>0.91049</TD>
    <TD>0.895018</TD>
    <TD>0.925368</TD>
    <TD>0.0411119</TD>
    <TD>0.0336484</TD>
    <TD>0.0488612</TD>
    <TD>9</TD>
    <TD>-32768</TD>
    <TD>8</TD>
    <TD>-32768</TD>
  </TR>
  <TR>
    <TD>CXO J053514.3-052308</TD>
    <TD>83.80962741</TD>
    <TD>-5.38557712</TD>
    <TD>0.14858</TD>
    <TD>F</TD>
    <TD>T</TD>
    <TD>F</TD>
    <TD>6.64955E-14</TD>
    <TD>6.54639E-14</TD>
    <TD>6.75375E-14</TD>
    <TD>1.05285E-14</TD>
    <TD>9.11164E-15</TD>
    <TD>1.19597E-14</TD>
    <TD>45.2756</TD>
    <TD>0.354199</TD>
    <TD>0.33561</TD>
    <TD>0.372553</TD>
    <TD>0.195498</TD>
    <TD>0.182312</TD>
    <TD>0.208292</TD>
    <TD>10</TD>
    <TD>0</TD>
    <TD>8</TD>
    <TD>-32768</TD>
  </TR>
  <TR>
    <TD>CXO J053514.3-052317</TD>
    <TD>83.80969326</TD>
    <TD>-5.38810981</TD>
    <TD>0.16924</TD>
    <TD>T</TD>
    <TD>F</TD>
    <TD>F</TD>
    <TD>2.56431E-14</TD>
    <TD>2.47535E-14</TD>
    <TD>2.65417E-14</TD>
    <TD></TD>
    <TD></TD>
    <TD></TD>
    <TD>17.4034</TD>
    <TD>0.985171</TD>
    <TD>0.978543</TD>
    <TD>0.990966</TD>
    <TD>-0.00698975</TD>
    <TD>-0.0128563</TD>
    <TD>-0.00214212</TD>
    <TD>9</TD>
    <TD>-32768</TD>
    <TD>8</TD>
    <TD>-32768</TD>
  </TR>
  <TR>
    <TD>CXO J053514.3-052253</TD>
    <TD>83.8098206</TD>
    <TD>-5.3816407</TD>
    <TD>0.16466</TD>
    <TD>F</TD>
    <TD>T</TD>
    <TD>F</TD>
    <TD>2.05176E-14</TD>
    <TD>1.98107E-14</TD>
    <TD>2.12316E-14</TD>
    <TD></TD>
    <TD></TD>
    <TD></TD>
    <TD>15.0649</TD>
    <TD>0.560934</TD>
    <TD>0.511123</TD>
    <TD>0.609698</TD>
    <TD>0.210821</TD>
    <TD>0.186294</TD>
    <TD>0.235778</TD>
    <TD>8</TD>
    <TD>-32768</TD>
    <TD>8</TD>
    <TD>-32768</TD>
  </TR>
  <TR>
    <TD>CXO J053514.4-052322</TD>
    <TD>83.8099784</TD>
    <TD>-5.38966568</TD>
    <TD>0.23553</TD>
    <TD>F</TD>
    <TD>F</TD>
    <TD>F</TD>
    <TD>4.66587E-15</TD>
    <TD>4.28105E-15</TD>
    <TD>5.05458E-15</TD>
    <TD></TD>
    <TD></TD>
    <TD></TD>
    <TD>12.1756</TD>
    <TD>-0.0756736</TD>
    <TD>-0.135332</TD>
    <TD>-0.0170884</TD>
    <TD>-0.114952</TD>
    <TD>-0.183403</TD>
    <TD>-0.0450814</TD>
    <TD>9</TD>
    <TD>-32768</TD>
    <TD>8</TD>
    <TD>-32768</TD>
  </TR>
  <TR>
    <TD>CXO J053514.3-052333</TD>
    <TD>83.80998065</TD>
    <TD>-5.39261156</TD>
    <TD>0.14702</TD>
    <TD>F</TD>
    <TD>F</TD>
    <TD>F</TD>
    <TD>4.8023E-14</TD>
    <TD>4.70178E-14</TD>
    <TD>4.90384E-14</TD>
    <TD>1.46049E-14</TD>
    <TD>1.29563E-14</TD>
    <TD>1.62703E-14</TD>
    <TD>27.6562</TD>
    <TD>-0.0825775</TD>
    <TD>-0.106809</TD>
    <TD>-0.0578608</TD>
    <TD>-0.124551</TD>
    <TD>-0.156265</TD>
    <TD>-0.092763</TD>
    <TD>9</TD>
    <TD>0</TD>
    <TD>8</TD>
    <TD>-32768</TD>
  </TR>
  <TR>
    <TD>CXO J053514.5-052315</TD>
    <TD>83.81056936</TD>
    <TD>-5.38772233</TD>
    <TD>0.17135</TD>
    <TD>T</TD>
    <TD>F</TD>
    <TD>F</TD>
    <TD>1.34289E-14</TD>
    <TD>1.27463E-14</TD>
    <TD>1.41184E-14</TD>
    <TD>8.55561E-15</TD>
    <TD>7.21816E-15</TD>
    <TD>9.90657E-15</TD>
    <TD>12.055</TD>
    <TD>0.98062</TD>
    <TD>0.972117</TD>
    <TD>0.987105</TD>
    <TD>-0.00429089</TD>
    <TD>-0.00957531</TD>
    <TD>-3.08654E-4</TD>
    <TD>2</TD>
    <TD>9</TD>
    <TD>7</TD>
    <TD>-32768</TD>
  </TR>
  <TR>
    <TD>CXO J053514.5-052407</TD>
    <TD>83.81072267</TD>
    <TD>-5.40217119</TD>
    <TD>0.2283</TD>
    <TD>T</TD>
    <TD>F</TD>
    <TD>F</TD>
    <TD>9.1153E-15</TD>
    <TD>8.44146E-15</TD>
    <TD>9.79595E-15</TD>
    <TD></TD>
    <TD></TD>
    <TD></TD>
    <TD>8.8595</TD>
    <TD>0.968181</TD>
    <TD>0.95185</TD>
    <TD>0.981924</TD>
    <TD>-0.00693137</TD>
    <TD>-0.0183943</TD>
    <TD>0.00208314</TD>
    <TD>1</TD>
    <TD>-32768</TD>
    <TD>6</TD>
    <TD>-32768</TD>
  </TR>
  <TR>
    <TD>CXO J053514.6-052328</TD>
    <TD>83.81100284</TD>
    <TD>-5.39122647</TD>
    <TD>0.43437</TD>
    <TD>T</TD>
    <TD>F</TD>
    <TD>F</TD>
    <TD>3.78192E-15</TD>
    <TD>3.14545E-15</TD>
    <TD>4.42482E-15</TD>
    <TD></TD>
    <TD></TD>
    <TD></TD>
    <TD>5.92101</TD>
    <TD>-0.0631104</TD>
    <TD>-0.177637</TD>
    <TD>0.0523516</TD>
    <TD>-0.190031</TD>
    <TD>-0.324285</TD>
    <TD>-0.0557797</TD>
    <TD>6</TD>
    <TD>-32768</TD>
    <TD>-32768</TD>
    <TD>-32768</TD>
  </TR>
  <TR>
    <TD>CXO J053514.6-052301</TD>
    <TD>83.81109487</TD>
    <TD>-5.38379019</TD>
    <TD>0.14849</TD>
    <TD>T</TD>
    <TD>T</TD>
    <TD>F</TD>
    <TD>7.39896E-14</TD>
    <TD>7.29582E-14</TD>
    <TD>7.50313E-14</TD>
    <TD>9.53745E-15</TD>
    <TD>8.13605E-15</TD>
    <TD>1.0953E-14</TD>
    <TD>65.3124</TD>
    <TD>0.170492</TD>
    <TD>0.157044</TD>
    <TD>0.183882</TD>
    <TD>0.180409</TD>
    <TD>0.16915</TD>
    <TD>0.191544</TD>
    <TD>10</TD>
    <TD>0</TD>
    <TD>8</TD>
    <TD>-32768</TD>
  </TR>
  <TR>
    <TD>CXO J053514.6-052249</TD>
    <TD>83.81120139</TD>
    <TD>-5.38033176</TD>
    <TD>0.18087</TD>
    <TD>F</TD>
    <TD>T</TD>
    <TD>F</TD>
    <TD>1.32936E-14</TD>
    <TD>1.2721E-14</TD>
    <TD>1.38719E-14</TD>
    <TD></TD>
    <TD></TD>
    <TD></TD>
    <TD>13.9585</TD>
    <TD>0.48944</TD>
    <TD>0.433017</TD>
    <TD>0.544177</TD>
    <TD>0.235406</TD>
    <TD>0.206246</TD>
    <TD>0.2648</TD>
    <TD>7</TD>
    <TD>-32768</TD>
    <TD>7</TD>
    <TD>-32768</TD>
  </TR>
  <TR>
    <TD>CXO J053514.7-052412</TD>
    <TD>83.81128448</TD>
    <TD>-5.40343355</TD>
    <TD>0.19978</TD>
    <TD>T</TD>
    <TD>F</TD>
    <TD>F</TD>
    <TD>7.71247E-15</TD>
    <TD>7.15899E-15</TD>
    <TD>8.27154E-15</TD>
    <TD></TD>
    <TD></TD>
    <TD></TD>
    <TD>6.14947</TD>
    <TD>0.370567</TD>
    <TD>0.259466</TD>
    <TD>0.47732</TD>
    <TD>-0.138487</TD>
    <TD>-0.2424</TD>
    <TD>-0.0347654</TD>
    <TD>8</TD>
    <TD>-32768</TD>
    <TD>5</TD>
    <TD>-32768</TD>
  </TR>
  <TR>
    <TD>CXO J053514.7-052322</TD>
    <TD>83.81133486</TD>
    <TD>-5.38964017</TD>
    <TD>0.14839</TD>
    <TD>T</TD>
    <TD>F</TD>
    <TD>F</TD>
    <TD>5.01776E-14</TD>
    <TD>4.92056E-14</TD>
    <TD>5.11593E-14</TD>
    <TD>5.23879E-14</TD>
    <TD>4.93591E-14</TD>
    <TD>5.54472E-14</TD>
    <TD>29.5509</TD>
    <TD>0.28267</TD>
    <TD>0.251908</TD>
    <TD>0.312992</TD>
    <TD>0.289408</TD>
    <TD>0.271314</TD>
    <TD>0.307682</TD>
    <TD>10</TD>
    <TD>9</TD>
    <TD>8</TD>
    <TD>-32768</TD>
  </TR>
  <TR>
    <TD>CXO J053514.8-052406</TD>
    <TD>83.81170941</TD>
    <TD>-5.40185359</TD>
    <TD>0.20687</TD>
    <TD>T</TD>
    <TD>F</TD>
    <TD>F</TD>
    <TD>1.95425E-14</TD>
    <TD>1.8482E-14</TD>
    <TD>2.06138E-14</TD>
    <TD></TD>
    <TD></TD>
    <TD></TD>
    <TD>10.0425</TD>
    <TD>0.972371</TD>
    <TD>0.95999</TD>
    <TD>0.983311</TD>
    <TD>0.00443213</TD>
    <TD>-0.0011769</TD>
    <TD>0.0108282</TD>
    <TD>9</TD>
    <TD>-32768</TD>
    <TD>8</TD>
    <TD>-32768</TD>
  </TR>
  <TR>
    <TD>CXO J053514.8-052346</TD>
    <TD>83.8117676</TD>
    <TD>-5.39615671</TD>
    <TD>0.15213</TD>
    <TD>T</TD>
    <TD>F</TD>
    <TD>F</TD>
    <TD>1.9664E-14</TD>
    <TD>1.88916E-14</TD>
    <TD>2.04442E-14</TD>
    <TD>1.26507E-14</TD>
    <TD>1.10556E-14</TD>
    <TD>1.4262E-14</TD>
    <TD>12.2048</TD>
    <TD>-0.16864</TD>
    <TD>-0.213904</TD>
    <TD>-0.123749</TD>
    <TD>-0.213757</TD>
    <TD>-0.285474</TD>
    <TD>-0.140922</TD>
    <TD>8</TD>
    <TD>0</TD>
    <TD>5</TD>
    <TD>-32768</TD>
  </TR>
  <TR>
    <TD>CXO J053514.8-052315</TD>
    <TD>83.81177012</TD>
    <TD>-5.38770869</TD>
    <TD>0.17193</TD>
    <TD>T</TD>
    <TD>T</TD>
    <TD>F</TD>
    <TD>9.85838E-15</TD>
    <TD>9.45421E-15</TD>
    <TD>1.02666E-14</TD>
    <TD></TD>
    <TD></TD>
    <TD></TD>
    <TD>15.2939</TD>
    <TD>-0.126347</TD>
    <TD>-0.166511</TD>
    <TD>-0.0858136</TD>
    <TD>-0.278406</TD>
    <TD>-0.332037</TD>
    <TD>-0.223733</TD>
    <TD>2</TD>
    <TD>-32768</TD>
    <TD>6</TD>
    <TD>-32768</TD>
  </TR>
  <TR>
    <TD>CXO J053514.8-052304</TD>
    <TD>83.81193361</TD>
    <TD>-5.38466425</TD>
    <TD>0.17267</TD>
    <TD>T</TD>
    <TD>T</TD>
    <TD>F</TD>
    <TD>2.03975E-14</TD>
    <TD>1.97508E-14</TD>
    <TD>2.10508E-14</TD>
    <TD></TD>
    <TD></TD>
    <TD></TD>
    <TD>20.2447</TD>
    <TD>0.317345</TD>
    <TD>0.27384</TD>
    <TD>0.360055</TD>
    <TD>0.283514</TD>
    <TD>0.257743</TD>
    <TD>0.309727</TD>
    <TD>8</TD>
    <TD>-32768</TD>
    <TD>8</TD>
    <TD>-32768</TD>
  </TR>
  <TR>
    <TD>CXO J053514.9-052412</TD>
    <TD>83.81217858</TD>
    <TD>-5.40351021</TD>
    <TD>0.14801</TD>
    <TD>T</TD>
    <TD>F</TD>
    <TD>F</TD>
    <TD>5.3239E-14</TD>
    <TD>5.22719E-14</TD>
    <TD>5.4216E-14</TD>
    <TD>1.58719E-14</TD>
    <TD>1.41828E-14</TD>
    <TD>1.75781E-14</TD>
    <TD>34.7523</TD>
    <TD>0.0465175</TD>
    <TD>0.0256984</TD>
    <TD>0.0675352</TD>
    <TD>-0.107479</TD>
    <TD>-0.131671</TD>
    <TD>-0.0835884</TD>
    <TD>10</TD>
    <TD>1</TD>
    <TD>8</TD>
    <TD>-32768</TD>
  </TR>
  <TR>
    <TD>CXO J053514.9-052328</TD>
    <TD>83.81220892</TD>
    <TD>-5.39133275</TD>
    <TD>0.16083</TD>
    <TD>T</TD>
    <TD>T</TD>
    <TD>F</TD>
    <TD>4.68217E-15</TD>
    <TD>4.2982E-15</TD>
    <TD>5.07002E-15</TD>
    <TD>3.58725E-15</TD>
    <TD>2.70965E-15</TD>
    <TD>4.46036E-15</TD>
    <TD>7.89055</TD>
    <TD>-0.254059</TD>
    <TD>-0.369787</TD>
    <TD>-0.139728</TD>
    <TD>0.369802</TD>
    <TD>0.257663</TD>
    <TD>0.481755</TD>
    <TD>1</TD>
    <TD>0</TD>
    <TD>6</TD>
    <TD>-32768</TD>
  </TR>
  <TR>
    <TD>CXO J053514.9-052338</TD>
    <TD>83.81228445</TD>
    <TD>-5.39416969</TD>
    <TD>0.14232</TD>
    <TD>F</TD>
    <TD>F</TD>
    <TD>F</TD>
    <TD>1.49754E-13</TD>
    <TD>1.48202E-13</TD>
    <TD>1.51322E-13</TD>
    <TD>2.82477E-13</TD>
    <TD>2.75562E-13</TD>
    <TD>2.89463E-13</TD>
    <TD>54.1441</TD>
    <TD>-0.0472355</TD>
    <TD>-0.0585613</TD>
    <TD>-0.0359605</TD>
    <TD>-0.150355</TD>
    <TD>-0.16636</TD>
    <TD>-0.134227</TD>
    <TD>10</TD>
    <TD>6</TD>
    <TD>8</TD>
    <TD>-32768</TD>
  </TR>
  <TR>
    <TD>CXO J053515.0-052354</TD>
    <TD>83.81265915</TD>
    <TD>-5.39841906</TD>
    <TD>0.59443</TD>
    <TD>F</TD>
    <TD>F</TD>
    <TD>F</TD>
    <TD></TD>
    <TD></TD>
    <TD></TD>
    <TD>3.93214E-15</TD>
    <TD>2.99955E-15</TD>
    <TD>4.86489E-15</TD>
    <TD>4.16316</TD>
    <TD></TD>
    <TD></TD>
    <TD></TD>
    <TD></TD>
    <TD></TD>
    <TD></TD>
    <TD>-32768</TD>
    <TD>2</TD>
    <TD>-32768</TD>
    <TD>-32768</TD>
  </TR>
  <TR>
    <TD>CXO J053515.1-052304</TD>
    <TD>83.81297046</TD>
    <TD>-5.38451569</TD>
    <TD>0.45384</TD>
    <TD>T</TD>
    <TD>F</TD>
    <TD>F</TD>
    <TD>1.88649E-15</TD>
    <TD>9.06494E-16</TD>
    <TD>2.8637E-15</TD>
    <TD></TD>
    <TD></TD>
    <TD></TD>
    <TD>3.05328</TD>
    <TD>0.83723</TD>
    <TD>0.715803</TD>
    <TD>0.933967</TD>
    <TD>-0.0320696</TD>
    <TD>-0.118798</TD>
    <TD>0.0293079</TD>
    <TD>0</TD>
    <TD>-32768</TD>
    <TD>-32768</TD>
    <TD>-32768</TD>
  </TR>
  <TR>
    <TD>CXO J053515.1-052346</TD>
    <TD>83.81314399</TD>
    <TD>-5.39621512</TD>
    <TD>0.2003</TD>
    <TD>T</TD>
    <TD>F</TD>
    <TD>F</TD>
    <TD>4.39873E-15</TD>
    <TD>3.92166E-15</TD>
    <TD>4.88063E-15</TD>
    <TD>4.00059E-15</TD>
    <TD>3.0109E-15</TD>
    <TD>4.9949E-15</TD>
    <TD>5.6963</TD>
    <TD>-0.0285843</TD>
    <TD>-0.102898</TD>
    <TD>0.0406812</TD>
    <TD>-0.249534</TD>
    <TD>-0.381015</TD>
    <TD>-0.102094</TD>
    <TD>6</TD>
    <TD>0</TD>
    <TD>0</TD>
    <TD>-32768</TD>
  </TR>
  <TR>
    <TD>CXO J053515.1-052254</TD>
    <TD>83.81329418</TD>
    <TD>-5.38172473</TD>
    <TD>0.14462</TD>
    <TD>T</TD>
    <TD>F</TD>
    <TD>F</TD>
    <TD>1.64113E-13</TD>
    <TD>1.62452E-13</TD>
    <TD>1.65791E-13</TD>
    <TD>1.6316E-14</TD>
    <TD>1.43274E-14</TD>
    <TD>1.83248E-14</TD>
    <TD>52.0892</TD>
    <TD>0.450876</TD>
    <TD>0.436926</TD>
    <TD>0.464947</TD>
    <TD>0.137764</TD>
    <TD>0.126999</TD>
    <TD>0.148264</TD>
    <TD>10</TD>
    <TD>0</TD>
    <TD>8</TD>
    <TD>-32768</TD>
  </TR>
  <TR>
    <TD>CXO J053515.1-052318</TD>
    <TD>83.81330006</TD>
    <TD>-5.3885408</TD>
    <TD>0.47766</TD>
    <TD>F</TD>
    <TD>T</TD>
    <TD>F</TD>
    <TD>3.49507E-15</TD>
    <TD>2.3225E-15</TD>
    <TD>4.65674E-15</TD>
    <TD></TD>
    <TD></TD>
    <TD></TD>
    <TD>3.82159</TD>
    <TD>0.854749</TD>
    <TD>0.753011</TD>
    <TD>0.937876</TD>
    <TD>-0.0355204</TD>
    <TD>-0.115613</TD>
    <TD>0.0224368</TD>
    <TD>0</TD>
    <TD>-32768</TD>
    <TD>-32768</TD>
    <TD>-32768</TD>
  </TR>
  <TR>
    <TD>CXO J053515.2-052256</TD>
    <TD>83.81360368</TD>
    <TD>-5.38242218</TD>
    <TD>0.1999</TD>
    <TD>T</TD>
    <TD>T</TD>
    <TD>F</TD>
    <TD>1.03202E-12</TD>
    <TD>1.02837E-12</TD>
    <TD>1.03571E-12</TD>
    <TD>2.6702E-13</TD>
    <TD>2.60158E-13</TD>
    <TD>2.73951E-13</TD>
    <TD>130.522</TD>
    <TD>0.0704777</TD>
    <TD>0.0644488</TD>
    <TD>0.0764034</TD>
    <TD>-0.0717052</TD>
    <TD>-0.0779943</TD>
    <TD>-0.0655273</TD>
    <TD>10</TD>
    <TD>0</TD>
    <TD>8</TD>
    <TD>-32768</TD>
  </TR>
  <TR>
    <TD>CXO J053515.3-052333</TD>
    <TD>83.81407441</TD>
    <TD>-5.39255272</TD>
    <TD>0.14553</TD>
    <TD>T</TD>
    <TD>F</TD>
    <TD>F</TD>
    <TD>2.25803E-14</TD>
    <TD>2.19797E-14</TD>
    <TD>2.31869E-14</TD>
    <TD>1.93736E-14</TD>
    <TD>1.7427E-14</TD>
    <TD>2.134E-14</TD>
    <TD>20.1199</TD>
    <TD>-0.137472</TD>
    <TD>-0.170874</TD>
    <TD>-0.103627</TD>
    <TD>-0.149193</TD>
    <TD>-0.192213</TD>
    <TD>-0.105697</TD>
    <TD>9</TD>
    <TD>2</TD>
    <TD>8</TD>
    <TD>-32768</TD>
  </TR>
  <TR>
    <TD>CXO J053515.4-052345</TD>
    <TD>83.81434295</TD>
    <TD>-5.39590645</TD>
    <TD>0.14712</TD>
    <TD>T</TD>
    <TD>F</TD>
    <TD>F</TD>
    <TD>5.51555E-14</TD>
    <TD>5.41834E-14</TD>
    <TD>5.61375E-14</TD>
    <TD>9.9547E-15</TD>
    <TD>8.51468E-15</TD>
    <TD>1.14093E-14</TD>
    <TD>42.4107</TD>
    <TD>0.0862415</TD>
    <TD>0.0712833</TD>
    <TD>0.10104</TD>
    <TD>-0.00267428</TD>
    <TD>-0.0218673</TD>
    <TD>0.0166436</TD>
    <TD>10</TD>
    <TD>0</TD>
    <TD>8</TD>
    <TD>-32768</TD>
  </TR>
  <TR>
    <TD>CXO J053515.4-052248</TD>
    <TD>83.8145085</TD>
    <TD>-5.38011504</TD>
    <TD>0.14676</TD>
    <TD>T</TD>
    <TD>T</TD>
    <TD>F</TD>
    <TD>1.04415E-13</TD>
    <TD>1.03206E-13</TD>
    <TD>1.05635E-13</TD>
    <TD>8.82286E-15</TD>
    <TD>7.076E-15</TD>
    <TD>1.05874E-14</TD>
    <TD>41.8304</TD>
    <TD>-0.0174547</TD>
    <TD>-0.0354158</TD>
    <TD>8.28379E-4</TD>
    <TD>-0.0411823</TD>
    <TD>-0.0614385</TD>
    <TD>-0.0209821</TD>
    <TD>10</TD>
    <TD>0</TD>
    <TD>8</TD>
    <TD>-32768</TD>
  </TR>
  <TR>
    <TD>CXO J053515.4-052337</TD>
    <TD>83.81455127</TD>
    <TD>-5.39376129</TD>
    <TD>0.45111</TD>
    <TD>T</TD>
    <TD>F</TD>
    <TD>F</TD>
    <TD>1.41203E-15</TD>
    <TD>9.77813E-16</TD>
    <TD>1.84263E-15</TD>
    <TD></TD>
    <TD></TD>
    <TD></TD>
    <TD>4.3122</TD>
    <TD>-0.0434585</TD>
    <TD>-0.229319</TD>
    <TD>0.140449</TD>
    <TD>0.18419</TD>
    <TD>0.00217075</TD>
    <TD>0.367231</TD>
    <TD>1</TD>
    <TD>-32768</TD>
    <TD>-32768</TD>
    <TD>-32768</TD>
  </TR>
  <TR>
    <TD>CXO J053515.5-052246</TD>
    <TD>83.81473478</TD>
    <TD>-5.37948293</TD>
    <TD>0.31051</TD>
    <TD>T</TD>
    <TD>T</TD>
    <TD>F</TD>
    <TD>1.67177E-14</TD>
    <TD>1.5583E-14</TD>
    <TD>1.78639E-14</TD>
    <TD></TD>
    <TD></TD>
    <TD></TD>
    <TD>12.1993</TD>
    <TD>0.937694</TD>
    <TD>0.910339</TD>
    <TD>0.963317</TD>
    <TD>0.0114968</TD>
    <TD>-0.00399962</TD>
    <TD>0.0268677</TD>
    <TD>8</TD>
    <TD>-32768</TD>
    <TD>7</TD>
    <TD>-32768</TD>
  </TR>
  <TR>
    <TD>CXO J053515.6-052402</TD>
    <TD>83.81504651</TD>
    <TD>-5.40078793</TD>
    <TD>0.15306</TD>
    <TD>F</TD>
    <TD>F</TD>
    <TD>F</TD>
    <TD>1.91504E-14</TD>
    <TD>1.83643E-14</TD>
    <TD>1.99445E-14</TD>
    <TD>5.66629E-14</TD>
    <TD>5.35161E-14</TD>
    <TD>5.98415E-14</TD>
    <TD>17.7872</TD>
    <TD>-0.178473</TD>
    <TD>-0.224961</TD>
    <TD>-0.131402</TD>
    <TD>-0.295806</TD>
    <TD>-0.362798</TD>
    <TD>-0.227692</TD>
    <TD>5</TD>
    <TD>9</TD>
    <TD>7</TD>
    <TD>-32768</TD>
  </TR>
  <TR>
    <TD>CXO J053515.6-052256</TD>
    <TD>83.81514589</TD>
    <TD>-5.3823026</TD>
    <TD>0.1784</TD>
    <TD>F</TD>
    <TD>T</TD>
    <TD>F</TD>
    <TD>8.55289E-13</TD>
    <TD>8.52034E-13</TD>
    <TD>8.58577E-13</TD>
    <TD>2.02006E-12</TD>
    <TD>2.00158E-12</TD>
    <TD>2.03873E-12</TD>
    <TD>129.732</TD>
    <TD>0.0612033</TD>
    <TD>0.0551543</TD>
    <TD>0.06729</TD>
    <TD>-0.0245866</TD>
    <TD>-0.0308778</TD>
    <TD>-0.0182808</TD>
    <TD>10</TD>
    <TD>8</TD>
    <TD>8</TD>
    <TD>-32768</TD>
  </TR>
  <TR>
    <TD>CXO J053515.7-052339</TD>
    <TD>83.815411</TD>
    <TD>-5.3941811</TD>
    <TD>0.39841</TD>
    <TD>T</TD>
    <TD>T</TD>
    <TD>F</TD>
    <TD>2.05992E-14</TD>
    <TD>1.74398E-14</TD>
    <TD>2.37906E-14</TD>
    <TD></TD>
    <TD></TD>
    <TD></TD>
    <TD>6.29874</TD>
    <TD>0.607113</TD>
    <TD>0.500276</TD>
    <TD>0.707773</TD>
    <TD>0.160863</TD>
    <TD>0.106058</TD>
    <TD>0.219275</TD>
    <TD>0</TD>
    <TD>-32768</TD>
    <TD>-32768</TD>
    <TD>-32768</TD>
  </TR>
  <TR>
    <TD>CXO J053515.7-052411</TD>
    <TD>83.81562914</TD>
    <TD>-5.403203640000001</TD>
    <TD>0.642673</TD>
    <TD>F</TD>
    <TD>F</TD>
    <TD>F</TD>
    <TD>3.80835E-16</TD>
    <TD>2.06299E-16</TD>
    <TD>5.56111E-16</TD>
    <TD></TD>
    <TD></TD>
    <TD></TD>
    <TD>3.93135</TD>
    <TD>-0.147377</TD>
    <TD>-0.27926</TD>
    <TD>-0.0136489</TD>
    <TD>-0.32344</TD>
    <TD>-0.508552</TD>
    <TD>-0.129011</TD>
    <TD>6</TD>
    <TD>-32768</TD>
    <TD>-32768</TD>
    <TD>-32768</TD>
  </TR>
  <TR>
    <TD>CXO J053515.7-052338</TD>
    <TD>83.8157219</TD>
    <TD>-5.39390552</TD>
    <TD>0.45063</TD>
    <TD>T</TD>
    <TD>T</TD>
    <TD>F</TD>
    <TD>3.18339E-14</TD>
    <TD>2.77075E-14</TD>
    <TD>3.60019E-14</TD>
    <TD></TD>
    <TD></TD>
    <TD></TD>
    <TD>7.27452</TD>
    <TD>0.822639</TD>
    <TD>0.75431</TD>
    <TD>0.88682</TD>
    <TD>0.0525613</TD>
    <TD>0.0151042</TD>
    <TD>0.090596</TD>
    <TD>8</TD>
    <TD>-32768</TD>
    <TD>-32768</TD>
    <TD>-32768</TD>
  </TR>
  <TR>
    <TD>CXO J053515.7-052309</TD>
    <TD>83.81574739</TD>
    <TD>-5.38606832</TD>
    <TD>0.40301</TD>
    <TD>T</TD>
    <TD>T</TD>
    <TD>F</TD>
    <TD>3.03573E-12</TD>
    <TD>3.029E-12</TD>
    <TD>3.04254E-12</TD>
    <TD>1.87491E-12</TD>
    <TD>1.85709E-12</TD>
    <TD>1.89291E-12</TD>
    <TD>202.738</TD>
    <TD>0.274577</TD>
    <TD>0.270827</TD>
    <TD>0.27825</TD>
    <TD>-0.0459597</TD>
    <TD>-0.0495455</TD>
    <TD>-0.0423645</TD>
    <TD>8</TD>
    <TD>0</TD>
    <TD>8</TD>
    <TD>-32768</TD>
  </TR>
  <TR>
    <TD>CXO J053515.8-052305</TD>
    <TD>83.81588895</TD>
    <TD>-5.38485094</TD>
    <TD>0.48598</TD>
    <TD>T</TD>
    <TD>F</TD>
    <TD>F</TD>
    <TD>9.31635E-15</TD>
    <TD>8.2033E-15</TD>
    <TD>1.04407E-14</TD>
    <TD></TD>
    <TD></TD>
    <TD></TD>
    <TD>9.11467</TD>
    <TD>-0.137899</TD>
    <TD>-0.205363</TD>
    <TD>-0.0699988</TD>
    <TD>-0.283179</TD>
    <TD>-0.370767</TD>
    <TD>-0.191045</TD>
    <TD>2</TD>
    <TD>-32768</TD>
    <TD>-32768</TD>
    <TD>-32768</TD>
  </TR>
  <TR>
    <TD>CXO J053515.8-052313</TD>
    <TD>83.815963</TD>
    <TD>-5.38726978</TD>
    <TD>0.40057</TD>
    <TD>T</TD>
    <TD>T</TD>
    <TD>F</TD>
    <TD>2.77082E-12</TD>
    <TD>2.76452E-12</TD>
    <TD>2.77719E-12</TD>
    <TD>1.01992E-12</TD>
    <TD>1.00666E-12</TD>
    <TD>1.0333E-12</TD>
    <TD>197.573</TD>
    <TD>0.259373</TD>
    <TD>0.255483</TD>
    <TD>0.263164</TD>
    <TD>-0.04572</TD>
    <TD>-0.0494406</TD>
    <TD>-0.0419462</TD>
    <TD>9</TD>
    <TD>0</TD>
    <TD>8</TD>
    <TD>-32768</TD>
  </TR>
  <TR>
    <TD>CXO J053515.8-052245</TD>
    <TD>83.81598875</TD>
    <TD>-5.37934237</TD>
    <TD>0.15512</TD>
    <TD>T</TD>
    <TD>T</TD>
    <TD>F</TD>
    <TD>1.5406E-14</TD>
    <TD>1.492E-14</TD>
    <TD>1.5897E-14</TD>
    <TD>3.40691E-15</TD>
    <TD>2.32026E-15</TD>
    <TD>4.49824E-15</TD>
    <TD>21.9792</TD>
    <TD>-0.0994224</TD>
    <TD>-0.130616</TD>
    <TD>-0.0679763</TD>
    <TD>-0.14147</TD>
    <TD>-0.181277</TD>
    <TD>-0.1021</TD>
    <TD>10</TD>
    <TD>0</TD>
    <TD>8</TD>
    <TD>-32768</TD>
  </TR>
  <TR>
    <TD>CXO J053515.8-052322</TD>
    <TD>83.81610029</TD>
    <TD>-5.38953689</TD>
    <TD>0.43705</TD>
    <TD>F</TD>
    <TD>F</TD>
    <TD>F</TD>
    <TD>1.97845E-14</TD>
    <TD>1.67432E-14</TD>
    <TD>2.28564E-14</TD>
    <TD></TD>
    <TD></TD>
    <TD></TD>
    <TD>5.33178</TD>
    <TD>0.644325</TD>
    <TD>0.523345</TD>
    <TD>0.765435</TD>
    <TD>-0.140958</TD>
    <TD>-0.260161</TD>
    <TD>-0.0220717</TD>
    <TD>0</TD>
    <TD>-32768</TD>
    <TD>-32768</TD>
    <TD>-32768</TD>
  </TR>
  <TR>
    <TD>CXO J053515.8-052318</TD>
    <TD>83.81611207</TD>
    <TD>-5.38856486</TD>
    <TD>0.44418</TD>
    <TD>T</TD>
    <TD>F</TD>
    <TD>F</TD>
    <TD>1.13066E-14</TD>
    <TD>9.23675E-15</TD>
    <TD>1.33974E-14</TD>
    <TD></TD>
    <TD></TD>
    <TD></TD>
    <TD>5.95239</TD>
    <TD>-0.0905449</TD>
    <TD>-0.179506</TD>
    <TD>5.26605E-4</TD>
    <TD>-0.431631</TD>
    <TD>-0.554358</TD>
    <TD>-0.304264</TD>
    <TD>0</TD>
    <TD>-32768</TD>
    <TD>-32768</TD>
    <TD>-32768</TD>
  </TR>
  <TR>
    <TD>CXO J053515.8-052301</TD>
    <TD>83.81612461</TD>
    <TD>-5.38382611</TD>
    <TD>0.23917</TD>
    <TD>F</TD>
    <TD>F</TD>
    <TD>F</TD>
    <TD>8.45856E-15</TD>
    <TD>7.64832E-15</TD>
    <TD>9.277E-15</TD>
    <TD></TD>
    <TD></TD>
    <TD></TD>
    <TD>7.90999</TD>
    <TD>-0.0861684</TD>
    <TD>-0.170009</TD>
    <TD>-0.00161331</TD>
    <TD>-0.158934</TD>
    <TD>-0.263449</TD>
    <TD>-0.0489787</TD>
    <TD>0</TD>
    <TD>-32768</TD>
    <TD>5</TD>
    <TD>-32768</TD>
  </TR>
  <TR>
    <TD>CXO J053515.8-052233</TD>
    <TD>83.81613303</TD>
    <TD>-5.37585042</TD>
    <TD>0.37078</TD>
    <TD>F</TD>
    <TD>F</TD>
    <TD>F</TD>
    <TD>1.7933E-15</TD>
    <TD>1.4194E-15</TD>
    <TD>2.16863E-15</TD>
    <TD></TD>
    <TD></TD>
    <TD></TD>
    <TD>5.23268</TD>
    <TD>-0.474765</TD>
    <TD>-0.592407</TD>
    <TD>-0.354312</TD>
    <TD>0.260458</TD>
    <TD>0.102338</TD>
    <TD>0.417331</TD>
    <TD>8</TD>
    <TD>-32768</TD>
    <TD>5</TD>
    <TD>-32768</TD>
  </TR>
  <TR>
    <TD>CXO J053515.8-052310</TD>
    <TD>83.81619</TD>
    <TD>-5.3863028</TD>
    <TD>0.48816</TD>
    <TD>T</TD>
    <TD>T</TD>
    <TD>F</TD>
    <TD>4.64943E-13</TD>
    <TD>4.5283E-13</TD>
    <TD>4.77179E-13</TD>
    <TD></TD>
    <TD></TD>
    <TD></TD>
    <TD>37.321</TD>
    <TD>0.248112</TD>
    <TD>0.226014</TD>
    <TD>0.27041</TD>
    <TD>0.135802</TD>
    <TD>0.117704</TD>
    <TD>0.153639</TD>
    <TD>9</TD>
    <TD>-32768</TD>
    <TD>-32768</TD>
    <TD>-32768</TD>
  </TR>
  <TR>
    <TD>CXO J053515.9-052417</TD>
    <TD>83.8162912</TD>
    <TD>-5.40491845</TD>
    <TD>0.6885</TD>
    <TD>F</TD>
    <TD>F</TD>
    <TD>F</TD>
    <TD></TD>
    <TD></TD>
    <TD></TD>
    <TD>3.78186E-15</TD>
    <TD>2.91713E-15</TD>
    <TD>4.65E-15</TD>
    <TD>4.3122</TD>
    <TD></TD>
    <TD></TD>
    <TD></TD>
    <TD></TD>
    <TD></TD>
    <TD></TD>
    <TD>-32768</TD>
    <TD>2</TD>
    <TD>-32768</TD>
    <TD>-32768</TD>
  </TR>
  <TR>
    <TD>CXO J053515.9-052349</TD>
    <TD>83.81647584</TD>
    <TD>-5.39713268</TD>
    <TD>0.14102</TD>
    <TD>T</TD>
    <TD>T</TD>
    <TD>F</TD>
    <TD>3.87473E-13</TD>
    <TD>3.85092E-13</TD>
    <TD>3.89878E-13</TD>
    <TD>1.89669E-13</TD>
    <TD>1.83958E-13</TD>
    <TD>1.95437E-13</TD>
    <TD>73.5294</TD>
    <TD>0.0642011</TD>
    <TD>0.0629523</TD>
    <TD>0.0654531</TD>
    <TD>0.0222816</TD>
    <TD>0.0111647</TD>
    <TD>0.0333233</TD>
    <TD>10</TD>
    <TD>7</TD>
    <TD>8</TD>
    <TD>-32768</TD>
  </TR>
  <TR>
    <TD>CXO J053516.0-052352</TD>
    <TD>83.81675305</TD>
    <TD>-5.39801365</TD>
    <TD>0.14462</TD>
    <TD>T</TD>
    <TD>T</TD>
    <TD>F</TD>
    <TD>1.00513E-13</TD>
    <TD>9.911E-14</TD>
    <TD>1.0193E-13</TD>
    <TD>1.48552E-14</TD>
    <TD>1.31388E-14</TD>
    <TD>1.65889E-14</TD>
    <TD>35.6626</TD>
    <TD>0.157734</TD>
    <TD>0.135077</TD>
    <TD>0.180105</TD>
    <TD>0.0436772</TD>
    <TD>0.0221774</TD>
    <TD>0.0652125</TD>
    <TD>10</TD>
    <TD>1</TD>
    <TD>8</TD>
    <TD>-32768</TD>
  </TR>
  <TR>
    <TD>CXO J053516.0-052253</TD>
    <TD>83.81698406</TD>
    <TD>-5.38164426</TD>
    <TD>0.16235</TD>
    <TD>F</TD>
    <TD>F</TD>
    <TD>F</TD>
    <TD>3.26789E-14</TD>
    <TD>3.18198E-14</TD>
    <TD>3.35468E-14</TD>
    <TD></TD>
    <TD></TD>
    <TD></TD>
    <TD>25.1492</TD>
    <TD>0.865571</TD>
    <TD>0.846684</TD>
    <TD>0.883593</TD>
    <TD>0.0654986</TD>
    <TD>0.056393</TD>
    <TD>0.0749912</TD>
    <TD>9</TD>
    <TD>-32768</TD>
    <TD>8</TD>
    <TD>-32768</TD>
  </TR>
  <TR>
    <TD>CXO J053516.0-052306</TD>
    <TD>83.81701311</TD>
    <TD>-5.38522135</TD>
    <TD>0.14238</TD>
    <TD>T</TD>
    <TD>T</TD>
    <TD>F</TD>
    <TD>1.76855E-13</TD>
    <TD>1.75356E-13</TD>
    <TD>1.7837E-13</TD>
    <TD>5.32069E-14</TD>
    <TD>4.98546E-14</TD>
    <TD>5.65931E-14</TD>
    <TD>68.6943</TD>
    <TD>0.0638425</TD>
    <TD>0.0529115</TD>
    <TD>0.0748212</TD>
    <TD>-0.0784673</TD>
    <TD>-0.0903596</TD>
    <TD>-0.0663197</TD>
    <TD>10</TD>
    <TD>0</TD>
    <TD>8</TD>
    <TD>-32768</TD>
  </TR>
  <TR>
    <TD>CXO J053516.0-052325</TD>
    <TD>83.8170161</TD>
    <TD>-5.39040007</TD>
    <TD>0.42036</TD>
    <TD>T</TD>
    <TD>T</TD>
    <TD>F</TD>
    <TD>1.00543E-14</TD>
    <TD>9.06073E-15</TD>
    <TD>1.10579E-14</TD>
    <TD></TD>
    <TD></TD>
    <TD></TD>
    <TD>11.0945</TD>
    <TD>-0.125453</TD>
    <TD>-0.17706</TD>
    <TD>-0.0731745</TD>
    <TD>-0.344981</TD>
    <TD>-0.416858</TD>
    <TD>-0.272662</TD>
    <TD>0</TD>
    <TD>-32768</TD>
    <TD>-32768</TD>
    <TD>-32768</TD>
  </TR>
  <TR>
    <TD>CXO J053516.0-052411</TD>
    <TD>83.8170323</TD>
    <TD>-5.4031178</TD>
    <TD>0.18202</TD>
    <TD>F</TD>
    <TD>F</TD>
    <TD>F</TD>
    <TD>2.25929E-14</TD>
    <TD>2.13907E-14</TD>
    <TD>2.38072E-14</TD>
    <TD>3.44264E-15</TD>
    <TD>2.59187E-15</TD>
    <TD>4.29976E-15</TD>
    <TD>12.9669</TD>
    <TD>-0.0641377</TD>
    <TD>-0.121644</TD>
    <TD>-0.00538426</TD>
    <TD>-0.016818</TD>
    <TD>-0.0841843</TD>
    <TD>0.0495484</TD>
    <TD>7</TD>
    <TD>2</TD>
    <TD>8</TD>
    <TD>-32768</TD>
  </TR>
  <TR>
    <TD>CXO J053516.0-052322</TD>
    <TD>83.81705333</TD>
    <TD>-5.3896635</TD>
    <TD>0.1439</TD>
    <TD>T</TD>
    <TD>T</TD>
    <TD>F</TD>
    <TD>8.06604E-14</TD>
    <TD>7.93614E-14</TD>
    <TD>8.19725E-14</TD>
    <TD>9.51118E-15</TD>
    <TD>6.51756E-15</TD>
    <TD>1.25222E-14</TD>
    <TD>35.9128</TD>
    <TD>0.575093</TD>
    <TD>0.55627</TD>
    <TD>0.594211</TD>
    <TD>-0.0963508</TD>
    <TD>-0.113819</TD>
    <TD>-0.0786152</TD>
    <TD>8</TD>
    <TD>0</TD>
    <TD>8</TD>
    <TD>-32768</TD>
  </TR>
  <TR>
    <TD>CXO J053516.1-052313</TD>
    <TD>83.81720052</TD>
    <TD>-5.38708875</TD>
    <TD>0.29045</TD>
    <TD>T</TD>
    <TD>F</TD>
    <TD>F</TD>
    <TD>1.17102E-14</TD>
    <TD>1.06569E-14</TD>
    <TD>1.27741E-14</TD>
    <TD></TD>
    <TD></TD>
    <TD></TD>
    <TD>6.71341</TD>
    <TD>0.179113</TD>
    <TD>0.0907505</TD>
    <TD>0.272076</TD>
    <TD>-0.316139</TD>
    <TD>-0.42591</TD>
    <TD>-0.203308</TD>
    <TD>7</TD>
    <TD>-32768</TD>
    <TD>0</TD>
    <TD>-32768</TD>
  </TR>
  <TR>
    <TD>CXO J053516.1-052309</TD>
    <TD>83.8172558</TD>
    <TD>-5.38598655</TD>
    <TD>0.44726</TD>
    <TD>T</TD>
    <TD>T</TD>
    <TD>F</TD>
    <TD>3.83267E-15</TD>
    <TD>2.89841E-15</TD>
    <TD>4.77108E-15</TD>
    <TD></TD>
    <TD></TD>
    <TD></TD>
    <TD>3.4279</TD>
    <TD>-0.0114393</TD>
    <TD>-0.200116</TD>
    <TD>0.16813</TD>
    <TD>-0.0802978</TD>
    <TD>-0.310341</TD>
    <TD>0.173881</TD>
    <TD>0</TD>
    <TD>-32768</TD>
    <TD>-32768</TD>
    <TD>-32768</TD>
  </TR>
  <TR>
    <TD>CXO J053516.1-052237</TD>
    <TD>83.81744498</TD>
    <TD>-5.37702105</TD>
    <TD>0.16304</TD>
    <TD>F</TD>
    <TD>F</TD>
    <TD>F</TD>
    <TD>1.24777E-14</TD>
    <TD>1.20505E-14</TD>
    <TD>1.29091E-14</TD>
    <TD>3.88118E-15</TD>
    <TD>2.96665E-15</TD>
    <TD>4.78877E-15</TD>
    <TD>15.5503</TD>
    <TD>0.0888785</TD>
    <TD>0.0359265</TD>
    <TD>0.141431</TD>
    <TD>0.109917</TD>
    <TD>0.0587091</TD>
    <TD>0.16105</TD>
    <TD>7</TD>
    <TD>0</TD>
    <TD>8</TD>
    <TD>-32768</TD>
  </TR>
  <TR>
    <TD>CXO J053516.2-052318</TD>
    <TD>83.81746865</TD>
    <TD>-5.38854714</TD>
    <TD>0.29102</TD>
    <TD>T</TD>
    <TD>T</TD>
    <TD>F</TD>
    <TD>1.7293E-14</TD>
    <TD>1.62498E-14</TD>
    <TD>1.83469E-14</TD>
    <TD></TD>
    <TD></TD>
    <TD></TD>
    <TD>11.8731</TD>
    <TD>-0.0821205</TD>
    <TD>-0.134065</TD>
    <TD>-0.0290845</TD>
    <TD>-0.217927</TD>
    <TD>-0.288334</TD>
    <TD>-0.144648</TD>
    <TD>6</TD>
    <TD>-32768</TD>
    <TD>4</TD>
    <TD>-32768</TD>
  </TR>
  <TR>
    <TD>CXO J053516.2-052316</TD>
    <TD>83.8178479</TD>
    <TD>-5.38786385</TD>
    <TD>0.15414</TD>
    <TD>T</TD>
    <TD>T</TD>
    <TD>F</TD>
    <TD>3.32569E-14</TD>
    <TD>3.24069E-14</TD>
    <TD>3.41155E-14</TD>
    <TD></TD>
    <TD></TD>
    <TD></TD>
    <TD>16.9568</TD>
    <TD>0.214185</TD>
    <TD>0.171584</TD>
    <TD>0.256628</TD>
    <TD>-0.0273673</TD>
    <TD>-0.0745624</TD>
    <TD>0.0207458</TD>
    <TD>9</TD>
    <TD>-32768</TD>
    <TD>8</TD>
    <TD>-32768</TD>
  </TR>
  <TR>
    <TD>CXO J053516.3-052403</TD>
    <TD>83.81822268</TD>
    <TD>-5.40086482</TD>
    <TD>0.14238</TD>
    <TD>T</TD>
    <TD>F</TD>
    <TD>F</TD>
    <TD>5.65119E-13</TD>
    <TD>5.60431E-13</TD>
    <TD>5.69854E-13</TD>
    <TD>1.1893E-13</TD>
    <TD>1.14403E-13</TD>
    <TD>1.23504E-13</TD>
    <TD>66.1461</TD>
    <TD>0.120421</TD>
    <TD>0.108076</TD>
    <TD>0.132924</TD>
    <TD>0.0565306</TD>
    <TD>0.0445626</TD>
    <TD>0.0685104</TD>
    <TD>8</TD>
    <TD>0</TD>
    <TD>8</TD>
    <TD>-32768</TD>
  </TR>
  <TR>
    <TD>CXO J053516.4-052329</TD>
    <TD>83.81859564</TD>
    <TD>-5.39142135</TD>
    <TD>0.43656</TD>
    <TD>F</TD>
    <TD>F</TD>
    <TD>F</TD>
    <TD>1.33598E-14</TD>
    <TD>1.16336E-14</TD>
    <TD>1.51034E-14</TD>
    <TD></TD>
    <TD></TD>
    <TD></TD>
    <TD>8.24052</TD>
    <TD>-0.107666</TD>
    <TD>-0.166067</TD>
    <TD>-0.0482851</TD>
    <TD>-0.560076</TD>
    <TD>-0.642993</TD>
    <TD>-0.475082</TD>
    <TD>0</TD>
    <TD>-32768</TD>
    <TD>-32768</TD>
    <TD>-32768</TD>
  </TR>
  <TR>
    <TD>CXO J053516.4-052331</TD>
    <TD>83.81861877</TD>
    <TD>-5.39200198</TD>
    <TD>0.4145</TD>
    <TD>T</TD>
    <TD>T</TD>
    <TD>F</TD>
    <TD>4.70839E-15</TD>
    <TD>3.72184E-15</TD>
    <TD>5.70217E-15</TD>
    <TD></TD>
    <TD></TD>
    <TD></TD>
    <TD>3.95451</TD>
    <TD>0.10125</TD>
    <TD>-0.0473853</TD>
    <TD>0.247861</TD>
    <TD>-0.213178</TD>
    <TD>-0.403455</TD>
    <TD>-0.00761378</TD>
    <TD>0</TD>
    <TD>-32768</TD>
    <TD>-32768</TD>
    <TD>-32768</TD>
  </TR>
  <TR>
    <TD>CXO J053516.4-052322</TD>
    <TD>83.81863682</TD>
    <TD>-5.38964395</TD>
    <TD>0.16555</TD>
    <TD>T</TD>
    <TD>T</TD>
    <TD>F</TD>
    <TD>3.15953E-12</TD>
    <TD>3.15334E-12</TD>
    <TD>3.16578E-12</TD>
    <TD>1.93706E-11</TD>
    <TD>1.93136E-11</TD>
    <TD>1.94281E-11</TD>
    <TD>335.79</TD>
    <TD>-0.0574404</TD>
    <TD>-0.0603554</TD>
    <TD>-0.054598</TD>
    <TD>-0.179857</TD>
    <TD>-0.183533</TD>
    <TD>-0.176244</TD>
    <TD>7</TD>
    <TD>0</TD>
    <TD>8</TD>
    <TD>-32768</TD>
  </TR>
  <TR>
    <TD>CXO J053516.4-052256</TD>
    <TD>83.81868061</TD>
    <TD>-5.38231438</TD>
    <TD>0.25375</TD>
    <TD>F</TD>
    <TD>F</TD>
    <TD>F</TD>
    <TD>9.13394E-15</TD>
    <TD>8.46442E-15</TD>
    <TD>9.81021E-15</TD>
    <TD></TD>
    <TD></TD>
    <TD></TD>
    <TD>10.1085</TD>
    <TD>0.532591</TD>
    <TD>0.460216</TD>
    <TD>0.603536</TD>
    <TD>0.219955</TD>
    <TD>0.183953</TD>
    <TD>0.256889</TD>
    <TD>8</TD>
    <TD>-32768</TD>
    <TD>8</TD>
    <TD>-32768</TD>
  </TR>
  <TR>
    <TD>CXO J053516.4-052234</TD>
    <TD>83.81869862</TD>
    <TD>-5.37637281</TD>
    <TD>0.16109</TD>
    <TD>T</TD>
    <TD>F</TD>
    <TD>F</TD>
    <TD>1.71057E-14</TD>
    <TD>1.66378E-14</TD>
    <TD>1.75782E-14</TD>
    <TD>3.92169E-15</TD>
    <TD>2.98105E-15</TD>
    <TD>4.87032E-15</TD>
    <TD>23.0625</TD>
    <TD>-0.110707</TD>
    <TD>-0.140501</TD>
    <TD>-0.0809267</TD>
    <TD>-0.146559</TD>
    <TD>-0.184692</TD>
    <TD>-0.107592</TD>
    <TD>10</TD>
    <TD>0</TD>
    <TD>8</TD>
    <TD>-32768</TD>
  </TR>
  <TR>
    <TD>CXO J053516.5-052405</TD>
    <TD>83.81907688</TD>
    <TD>-5.40160715</TD>
    <TD>0.14862</TD>
    <TD>T</TD>
    <TD>F</TD>
    <TD>F</TD>
    <TD>6.17377E-14</TD>
    <TD>6.00346E-14</TD>
    <TD>6.34581E-14</TD>
    <TD>2.21828E-14</TD>
    <TD>2.01516E-14</TD>
    <TD>2.42345E-14</TD>
    <TD>20.473</TD>
    <TD>-0.0114133</TD>
    <TD>-0.0482004</TD>
    <TD>0.0240581</TD>
    <TD>-0.0682099</TD>
    <TD>-0.110431</TD>
    <TD>-0.0262589</TD>
    <TD>9</TD>
    <TD>0</TD>
    <TD>8</TD>
    <TD>-32768</TD>
  </TR>
  <TR>
    <TD>CXO J053516.6-052315</TD>
    <TD>83.81916799</TD>
    <TD>-5.38771941</TD>
    <TD>0.2965</TD>
    <TD>T</TD>
    <TD>T</TD>
    <TD>F</TD>
    <TD>2.38905E-14</TD>
    <TD>2.24716E-14</TD>
    <TD>2.53237E-14</TD>
    <TD></TD>
    <TD></TD>
    <TD></TD>
    <TD>11.2343</TD>
    <TD>0.459388</TD>
    <TD>0.394276</TD>
    <TD>0.524993</TD>
    <TD>-0.0552914</TD>
    <TD>-0.12419</TD>
    <TD>0.0178639</TD>
    <TD>6</TD>
    <TD>-32768</TD>
    <TD>6</TD>
    <TD>-32768</TD>
  </TR>
  <TR>
    <TD>CXO J053516.7-052231</TD>
    <TD>83.81971948</TD>
    <TD>-5.37529756</TD>
    <TD>0.15804</TD>
    <TD>T</TD>
    <TD>F</TD>
    <TD>F</TD>
    <TD>5.06851E-14</TD>
    <TD>4.98874E-14</TD>
    <TD>5.14908E-14</TD>
    <TD>5.06829E-15</TD>
    <TD>4.00493E-15</TD>
    <TD>6.13022E-15</TD>
    <TD>44.5636</TD>
    <TD>0.0310784</TD>
    <TD>0.0149852</TD>
    <TD>0.0471353</TD>
    <TD>-0.0098311</TD>
    <TD>-0.0287303</TD>
    <TD>0.00904038</TD>
    <TD>10</TD>
    <TD>1</TD>
    <TD>8</TD>
    <TD>-32768</TD>
  </TR>
  <TR>
    <TD>CXO J053516.7-052316</TD>
    <TD>83.81979918</TD>
    <TD>-5.38783323</TD>
    <TD>0.15457</TD>
    <TD>T</TD>
    <TD>T</TD>
    <TD>F</TD>
    <TD>5.41387E-14</TD>
    <TD>5.31441E-14</TD>
    <TD>5.51433E-14</TD>
    <TD></TD>
    <TD></TD>
    <TD></TD>
    <TD>42.0005</TD>
    <TD>0.34389</TD>
    <TD>0.324476</TD>
    <TD>0.363242</TD>
    <TD>0.137474</TD>
    <TD>0.120154</TD>
    <TD>0.155026</TD>
    <TD>10</TD>
    <TD>-32768</TD>
    <TD>8</TD>
    <TD>-32768</TD>
  </TR>
  <TR>
    <TD>CXO J053516.7-052327</TD>
    <TD>83.81985651</TD>
    <TD>-5.39106185</TD>
    <TD>0.15396</TD>
    <TD>T</TD>
    <TD>T</TD>
    <TD>F</TD>
    <TD>3.1808E-14</TD>
    <TD>3.10464E-14</TD>
    <TD>3.25773E-14</TD>
    <TD></TD>
    <TD></TD>
    <TD></TD>
    <TD>19.3821</TD>
    <TD>-0.173608</TD>
    <TD>-0.219488</TD>
    <TD>-0.128308</TD>
    <TD>0.353016</TD>
    <TD>0.30927</TD>
    <TD>0.397048</TD>
    <TD>0</TD>
    <TD>-32768</TD>
    <TD>7</TD>
    <TD>-32768</TD>
  </TR>
  <TR>
    <TD>CXO J053516.7-052404</TD>
    <TD>83.81985811</TD>
    <TD>-5.40112096</TD>
    <TD>0.14189</TD>
    <TD>T</TD>
    <TD>T</TD>
    <TD>F</TD>
    <TD>6.14592E-13</TD>
    <TD>6.09573E-13</TD>
    <TD>6.19661E-13</TD>
    <TD>1.20933E-13</TD>
    <TD>1.16357E-13</TD>
    <TD>1.25557E-13</TD>
    <TD>62.3506</TD>
    <TD>0.076646</TD>
    <TD>0.0642906</TD>
    <TD>0.0891912</TD>
    <TD>-0.0215484</TD>
    <TD>-0.0345894</TD>
    <TD>-0.0083578</TD>
    <TD>10</TD>
    <TD>1</TD>
    <TD>8</TD>
    <TD>-32768</TD>
  </TR>
  <TR>
    <TD>CXO J053516.9-052248</TD>
    <TD>83.82067804</TD>
    <TD>-5.38003602</TD>
    <TD>0.26011</TD>
    <TD>T</TD>
    <TD>F</TD>
    <TD>F</TD>
    <TD>3.40385E-15</TD>
    <TD>3.02903E-15</TD>
    <TD>3.78245E-15</TD>
    <TD></TD>
    <TD></TD>
    <TD></TD>
    <TD>6.5724</TD>
    <TD>-0.209941</TD>
    <TD>-0.311983</TD>
    <TD>-0.106149</TD>
    <TD>0.20857</TD>
    <TD>0.0992621</TD>
    <TD>0.315503</TD>
    <TD>6</TD>
    <TD>-32768</TD>
    <TD>0</TD>
    <TD>-32768</TD>
  </TR>
  <TR>
    <TD>CXO J053516.9-052300</TD>
    <TD>83.82072056</TD>
    <TD>-5.38354443</TD>
    <TD>0.1809</TD>
    <TD>F</TD>
    <TD>T</TD>
    <TD>F</TD>
    <TD>4.38438E-15</TD>
    <TD>3.98639E-15</TD>
    <TD>4.7864E-15</TD>
    <TD>2.73814E-15</TD>
    <TD>1.91129E-15</TD>
    <TD>3.55782E-15</TD>
    <TD>8.92446</TD>
    <TD>0.0812748</TD>
    <TD>-0.0200644</TD>
    <TD>0.181062</TD>
    <TD>0.304217</TD>
    <TD>0.24567</TD>
    <TD>0.364153</TD>
    <TD>6</TD>
    <TD>2</TD>
    <TD>6</TD>
    <TD>-32768</TD>
  </TR>
  <TR>
    <TD>CXO J053516.9-052336</TD>
    <TD>83.82074477</TD>
    <TD>-5.39357858</TD>
    <TD>0.1656</TD>
    <TD>T</TD>
    <TD>F</TD>
    <TD>F</TD>
    <TD>6.65737E-15</TD>
    <TD>6.25524E-15</TD>
    <TD>7.06356E-15</TD>
    <TD></TD>
    <TD></TD>
    <TD></TD>
    <TD>9.30035</TD>
    <TD>0.379074</TD>
    <TD>0.28605</TD>
    <TD>0.470226</TD>
    <TD>0.118246</TD>
    <TD>0.0287847</TD>
    <TD>0.205374</TD>
    <TD>7</TD>
    <TD>-32768</TD>
    <TD>6</TD>
    <TD>-32768</TD>
  </TR>
  <TR>
    <TD>CXO J053517.0-052232</TD>
    <TD>83.82085444</TD>
    <TD>-5.37579242</TD>
    <TD>0.14172</TD>
    <TD>T</TD>
    <TD>T</TD>
    <TD>F</TD>
    <TD>5.12055E-13</TD>
    <TD>5.09571E-13</TD>
    <TD>5.14564E-13</TD>
    <TD>1.51166E-13</TD>
    <TD>1.46086E-13</TD>
    <TD>1.56297E-13</TD>
    <TD>104.461</TD>
    <TD>0.0419094</TD>
    <TD>0.0347495</TD>
    <TD>0.0490269</TD>
    <TD>-0.0550702</TD>
    <TD>-0.0631752</TD>
    <TD>-0.0471308</TD>
    <TD>10</TD>
    <TD>0</TD>
    <TD>8</TD>
    <TD>-32768</TD>
  </TR>
  <TR>
    <TD>CXO J053517.0-052339</TD>
    <TD>83.82106838</TD>
    <TD>-5.39432294</TD>
    <TD>0.14281</TD>
    <TD>T</TD>
    <TD>F</TD>
    <TD>F</TD>
    <TD>6.18657E-14</TD>
    <TD>6.09481E-14</TD>
    <TD>6.27926E-14</TD>
    <TD>1.1665E-13</TD>
    <TD>1.1214E-13</TD>
    <TD>1.21206E-13</TD>
    <TD>32.3985</TD>
    <TD>-0.0297006</TD>
    <TD>-0.0531671</TD>
    <TD>-0.00677787</TD>
    <TD>-0.0486834</TD>
    <TD>-0.0749776</TD>
    <TD>-0.0224945</TD>
    <TD>10</TD>
    <TD>10</TD>
    <TD>6</TD>
    <TD>-32768</TD>
  </TR>
  <TR>
    <TD>CXO J053517.0-052333</TD>
    <TD>83.82109826</TD>
    <TD>-5.39273815</TD>
    <TD>0.1631</TD>
    <TD>T</TD>
    <TD>T</TD>
    <TD>F</TD>
    <TD>1.02987E-12</TD>
    <TD>1.02531E-12</TD>
    <TD>1.03447E-12</TD>
    <TD>8.75803E-14</TD>
    <TD>8.36184E-14</TD>
    <TD>9.15822E-14</TD>
    <TD>127.499</TD>
    <TD>0.630809</TD>
    <TD>0.625237</TD>
    <TD>0.636334</TD>
    <TD>0.164965</TD>
    <TD>0.161863</TD>
    <TD>0.168062</TD>
    <TD>10</TD>
    <TD>0</TD>
    <TD>8</TD>
    <TD>-32768</TD>
  </TR>
  <TR>
    <TD>CXO J053517.1-052249</TD>
    <TD>83.82131869</TD>
    <TD>-5.38053261</TD>
    <TD>0.19466</TD>
    <TD>T</TD>
    <TD>F</TD>
    <TD>F</TD>
    <TD>4.86951E-15</TD>
    <TD>4.52284E-15</TD>
    <TD>5.21969E-15</TD>
    <TD>3.98751E-15</TD>
    <TD>3.07147E-15</TD>
    <TD>4.89601E-15</TD>
    <TD>12.7202</TD>
    <TD>-0.143314</TD>
    <TD>-0.192783</TD>
    <TD>-0.0933213</TD>
    <TD>-0.259469</TD>
    <TD>-0.324615</TD>
    <TD>-0.193064</TD>
    <TD>7</TD>
    <TD>1</TD>
    <TD>7</TD>
    <TD>-32768</TD>
  </TR>
  <TR>
    <TD>CXO J053517.2-052316</TD>
    <TD>83.82189417</TD>
    <TD>-5.38789001</TD>
    <TD>0.14245</TD>
    <TD>F</TD>
    <TD>T</TD>
    <TD>F</TD>
    <TD>5.88682E-14</TD>
    <TD>5.81311E-14</TD>
    <TD>5.96127E-14</TD>
    <TD>8.88455E-14</TD>
    <TD>8.48444E-14</TD>
    <TD>9.2887E-14</TD>
    <TD>38.8741</TD>
    <TD>-0.106269</TD>
    <TD>-0.113609</TD>
    <TD>-0.0990529</TD>
    <TD>-0.77797</TD>
    <TD>-0.792073</TD>
    <TD>-0.76355</TD>
    <TD>0</TD>
    <TD>0</TD>
    <TD>0</TD>
    <TD>-32768</TD>
  </TR>
  <TR>
    <TD>CXO J053517.2-052423</TD>
    <TD>83.82196154</TD>
    <TD>-5.40666165</TD>
    <TD>0.21976</TD>
    <TD>F</TD>
    <TD>F</TD>
    <TD>F</TD>
    <TD>2.62389E-15</TD>
    <TD>2.3843E-15</TD>
    <TD>2.8659E-15</TD>
    <TD></TD>
    <TD></TD>
    <TD></TD>
    <TD>7.6888</TD>
    <TD>-0.19058</TD>
    <TD>-0.261001</TD>
    <TD>-0.121977</TD>
    <TD>-0.414758</TD>
    <TD>-0.517638</TD>
    <TD>-0.308909</TD>
    <TD>7</TD>
    <TD>-32768</TD>
    <TD>5</TD>
    <TD>-32768</TD>
  </TR>
  <TR>
    <TD>CXO J053517.3-052235</TD>
    <TD>83.82228078</TD>
    <TD>-5.37653942</TD>
    <TD>0.20984</TD>
    <TD>T</TD>
    <TD>F</TD>
    <TD>F</TD>
    <TD>5.84579E-15</TD>
    <TD>5.32199E-15</TD>
    <TD>6.37489E-15</TD>
    <TD></TD>
    <TD></TD>
    <TD></TD>
    <TD>7.45895</TD>
    <TD>0.699469</TD>
    <TD>0.607403</TD>
    <TD>0.789528</TD>
    <TD>0.114261</TD>
    <TD>0.0656462</TD>
    <TD>0.162743</TD>
    <TD>8</TD>
    <TD>-32768</TD>
    <TD>5</TD>
    <TD>-32768</TD>
  </TR>
  <TR>
    <TD>CXO J053517.3-052245</TD>
    <TD>83.82234198</TD>
    <TD>-5.37931217</TD>
    <TD>0.22014</TD>
    <TD>T</TD>
    <TD>F</TD>
    <TD>F</TD>
    <TD>6.80224E-15</TD>
    <TD>6.2389E-15</TD>
    <TD>7.37126E-15</TD>
    <TD></TD>
    <TD></TD>
    <TD></TD>
    <TD>6.6703</TD>
    <TD>0.396609</TD>
    <TD>0.282738</TD>
    <TD>0.50787</TD>
    <TD>0.268918</TD>
    <TD>0.209931</TD>
    <TD>0.329087</TD>
    <TD>8</TD>
    <TD>-32768</TD>
    <TD>5</TD>
    <TD>-32768</TD>
  </TR>
  <TR>
    <TD>CXO J053517.3-052304</TD>
    <TD>83.82237467</TD>
    <TD>-5.38461745</TD>
    <TD>0.42463</TD>
    <TD>F</TD>
    <TD>F</TD>
    <TD>F</TD>
    <TD>9.77684E-15</TD>
    <TD>8.70144E-15</TD>
    <TD>1.08631E-14</TD>
    <TD></TD>
    <TD></TD>
    <TD></TD>
    <TD>9.49126</TD>
    <TD>-0.0447789</TD>
    <TD>-0.143927</TD>
    <TD>0.0521108</TD>
    <TD>0.394111</TD>
    <TD>0.311405</TD>
    <TD>0.47619</TD>
    <TD>9</TD>
    <TD>-32768</TD>
    <TD>-32768</TD>
    <TD>-32768</TD>
  </TR>
  <TR>
    <TD>CXO J053517.3-052400</TD>
    <TD>83.8224061</TD>
    <TD>-5.40002211</TD>
    <TD>0.18139</TD>
    <TD>F</TD>
    <TD>F</TD>
    <TD>F</TD>
    <TD>1.85293E-14</TD>
    <TD>1.74155E-14</TD>
    <TD>1.96543E-14</TD>
    <TD>3.45141E-15</TD>
    <TD>2.58232E-15</TD>
    <TD>4.31257E-15</TD>
    <TD>9.24279</TD>
    <TD>0.755474</TD>
    <TD>0.695403</TD>
    <TD>0.810355</TD>
    <TD>0.0939339</TD>
    <TD>0.0661719</TD>
    <TD>0.1257</TD>
    <TD>8</TD>
    <TD>1</TD>
    <TD>5</TD>
    <TD>-32768</TD>
  </TR>
  <TR>
    <TD>CXO J053517.3-052413</TD>
    <TD>83.82244801</TD>
    <TD>-5.40381331</TD>
    <TD>0.19226</TD>
    <TD>T</TD>
    <TD>F</TD>
    <TD>F</TD>
    <TD>4.69414E-15</TD>
    <TD>4.36344E-15</TD>
    <TD>5.02817E-15</TD>
    <TD>2.84905E-15</TD>
    <TD>2.06367E-15</TD>
    <TD>3.63713E-15</TD>
    <TD>7.67701</TD>
    <TD>-0.186065</TD>
    <TD>-0.262651</TD>
    <TD>-0.104858</TD>
    <TD>-0.0730942</TD>
    <TD>-0.173102</TD>
    <TD>0.029691</TD>
    <TD>2</TD>
    <TD>1</TD>
    <TD>0</TD>
    <TD>-32768</TD>
  </TR>
  <TR>
    <TD>CXO J053517.4-052320</TD>
    <TD>83.82275909</TD>
    <TD>-5.38913778</TD>
    <TD>0.14305</TD>
    <TD>T</TD>
    <TD>F</TD>
    <TD>F</TD>
    <TD>6.19418E-14</TD>
    <TD>6.10112E-14</TD>
    <TD>6.28819E-14</TD>
    <TD>9.46104E-14</TD>
    <TD>9.05153E-14</TD>
    <TD>9.87468E-14</TD>
    <TD>33.9473</TD>
    <TD>-0.120336</TD>
    <TD>-0.139946</TD>
    <TD>-0.100275</TD>
    <TD>-0.173029</TD>
    <TD>-0.198721</TD>
    <TD>-0.147012</TD>
    <TD>8</TD>
    <TD>2</TD>
    <TD>8</TD>
    <TD>-32768</TD>
  </TR>
  <TR>
    <TD>CXO J053517.4-052251</TD>
    <TD>83.82278772</TD>
    <TD>-5.38085618</TD>
    <TD>0.26154</TD>
    <TD>F</TD>
    <TD>F</TD>
    <TD>F</TD>
    <TD>1.59443E-14</TD>
    <TD>1.48174E-14</TD>
    <TD>1.70825E-14</TD>
    <TD></TD>
    <TD></TD>
    <TD></TD>
    <TD>10.3217</TD>
    <TD>0.967824</TD>
    <TD>0.948424</TD>
    <TD>0.983472</TD>
    <TD>-0.0020122</TD>
    <TD>-0.0129</TD>
    <TD>0.00778932</TD>
    <TD>10</TD>
    <TD>-32768</TD>
    <TD>0</TD>
    <TD>-32768</TD>
  </TR>
  <TR>
    <TD>CXO J053517.4-052417</TD>
    <TD>83.8228207</TD>
    <TD>-5.40476643</TD>
    <TD>0.17747</TD>
    <TD>T</TD>
    <TD>F</TD>
    <TD>F</TD>
    <TD>6.73012E-15</TD>
    <TD>6.40928E-15</TD>
    <TD>7.0542E-15</TD>
    <TD></TD>
    <TD></TD>
    <TD></TD>
    <TD>12.4071</TD>
    <TD>-0.134308</TD>
    <TD>-0.178341</TD>
    <TD>-0.0910805</TD>
    <TD>-0.39546</TD>
    <TD>-0.458828</TD>
    <TD>-0.332525</TD>
    <TD>7</TD>
    <TD>-32768</TD>
    <TD>6</TD>
    <TD>-32768</TD>
  </TR>
  <TR>
    <TD>CXO J053517.5-052256</TD>
    <TD>83.82316819</TD>
    <TD>-5.38239764</TD>
    <TD>0.15331</TD>
    <TD>F</TD>
    <TD>T</TD>
    <TD>F</TD>
    <TD>2.83102E-14</TD>
    <TD>2.76496E-14</TD>
    <TD>2.89775E-14</TD>
    <TD>7.30177E-15</TD>
    <TD>6.08289E-15</TD>
    <TD>8.53297E-15</TD>
    <TD>22.5382</TD>
    <TD>0.210574</TD>
    <TD>0.174935</TD>
    <TD>0.245433</TD>
    <TD>0.0311087</TD>
    <TD>-0.00287664</TD>
    <TD>0.0657481</TD>
    <TD>10</TD>
    <TD>1</TD>
    <TD>8</TD>
    <TD>-32768</TD>
  </TR>
  <TR>
    <TD>CXO J053517.7-052230</TD>
    <TD>83.82394082</TD>
    <TD>-5.37517547</TD>
    <TD>0.492273</TD>
    <TD>F</TD>
    <TD>F</TD>
    <TD>F</TD>
    <TD>2.57352E-15</TD>
    <TD>2.04402E-15</TD>
    <TD>3.10329E-15</TD>
    <TD></TD>
    <TD></TD>
    <TD></TD>
    <TD>4.97905</TD>
    <TD>0.435106</TD>
    <TD>0.290564</TD>
    <TD>0.573409</TD>
    <TD>0.166767</TD>
    <TD>0.0640562</TD>
    <TD>0.265173</TD>
    <TD>2</TD>
    <TD>-32768</TD>
    <TD>-32768</TD>
    <TD>-32768</TD>
  </TR>
  <TR>
    <TD>CXO J053517.7-052342</TD>
    <TD>83.82403421</TD>
    <TD>-5.39507242</TD>
    <TD>0.2641</TD>
    <TD>T</TD>
    <TD>T</TD>
    <TD>F</TD>
    <TD>2.22294E-14</TD>
    <TD>2.09875E-14</TD>
    <TD>2.34839E-14</TD>
    <TD></TD>
    <TD></TD>
    <TD></TD>
    <TD>14.6498</TD>
    <TD>0.393985</TD>
    <TD>0.336088</TD>
    <TD>0.450833</TD>
    <TD>0.236858</TD>
    <TD>0.205778</TD>
    <TD>0.268504</TD>
    <TD>8</TD>
    <TD>-32768</TD>
    <TD>8</TD>
    <TD>-32768</TD>
  </TR>
  <TR>
    <TD>CXO J053517.7-052344</TD>
    <TD>83.82408397</TD>
    <TD>-5.39556838</TD>
    <TD>0.15493</TD>
    <TD>T</TD>
    <TD>T</TD>
    <TD>F</TD>
    <TD>4.40876E-14</TD>
    <TD>4.30497E-14</TD>
    <TD>4.5136E-14</TD>
    <TD>6.16894E-15</TD>
    <TD>5.06292E-15</TD>
    <TD>7.28614E-15</TD>
    <TD>24.0684</TD>
    <TD>-0.0935179</TD>
    <TD>-0.125494</TD>
    <TD>-0.0616643</TD>
    <TD>0.012234</TD>
    <TD>-0.0249415</TD>
    <TD>0.0495115</TD>
    <TD>9</TD>
    <TD>1</TD>
    <TD>8</TD>
    <TD>-32768</TD>
  </TR>
  <TR>
    <TD>CXO J053517.8-052315</TD>
    <TD>83.82422327</TD>
    <TD>-5.38761097</TD>
    <TD>0.14969</TD>
    <TD>T</TD>
    <TD>T</TD>
    <TD>F</TD>
    <TD>2.14931E-14</TD>
    <TD>2.09499E-14</TD>
    <TD>2.20418E-14</TD>
    <TD>5.5013E-15</TD>
    <TD>4.37611E-15</TD>
    <TD>6.62636E-15</TD>
    <TD>21.7772</TD>
    <TD>-0.0485423</TD>
    <TD>-0.0781495</TD>
    <TD>-0.0186874</TD>
    <TD>-0.238534</TD>
    <TD>-0.27681</TD>
    <TD>-0.200386</TD>
    <TD>9</TD>
    <TD>0</TD>
    <TD>8</TD>
    <TD>-32768</TD>
  </TR>
  <TR>
    <TD>CXO J053517.8-052302</TD>
    <TD>83.82443905</TD>
    <TD>-5.38414023</TD>
    <TD>0.15408</TD>
    <TD>F</TD>
    <TD>F</TD>
    <TD>F</TD>
    <TD>2.47255E-14</TD>
    <TD>2.41076E-14</TD>
    <TD>2.53496E-14</TD>
    <TD>3.99183E-15</TD>
    <TD>3.06073E-15</TD>
    <TD>4.9291E-15</TD>
    <TD>19.745</TD>
    <TD>0.0294182</TD>
    <TD>-0.0120983</TD>
    <TD>0.0706036</TD>
    <TD>0.152762</TD>
    <TD>0.111578</TD>
    <TD>0.19379</TD>
    <TD>8</TD>
    <TD>0</TD>
    <TD>6</TD>
    <TD>-32768</TD>
  </TR>
  <TR>
    <TD>CXO J053517.9-052245</TD>
    <TD>83.82479363</TD>
    <TD>-5.37929955</TD>
    <TD>0.40131</TD>
    <TD>T</TD>
    <TD>T</TD>
    <TD>F</TD>
    <TD>2.34246E-12</TD>
    <TD>2.33673E-12</TD>
    <TD>2.34825E-12</TD>
    <TD>7.72945E-13</TD>
    <TD>7.61515E-13</TD>
    <TD>7.8449E-13</TD>
    <TD>192.113</TD>
    <TD>0.176657</TD>
    <TD>0.172692</TD>
    <TD>0.180645</TD>
    <TD>-0.017412</TD>
    <TD>-0.021351</TD>
    <TD>-0.0134155</TD>
    <TD>10</TD>
    <TD>0</TD>
    <TD>8</TD>
    <TD>-32768</TD>
  </TR>
  <TR>
    <TD>CXO J053517.9-052335</TD>
    <TD>83.82483373</TD>
    <TD>-5.39311699</TD>
    <TD>0.159</TD>
    <TD>T</TD>
    <TD>F</TD>
    <TD>F</TD>
    <TD>5.0092E-15</TD>
    <TD>4.57792E-15</TD>
    <TD>5.44484E-15</TD>
    <TD>6.66509E-15</TD>
    <TD>5.48228E-15</TD>
    <TD>7.85984E-15</TD>
    <TD>7.34797</TD>
    <TD>-0.194774</TD>
    <TD>-0.261407</TD>
    <TD>-0.128891</TD>
    <TD>-0.309379</TD>
    <TD>-0.418885</TD>
    <TD>-0.197315</TD>
    <TD>0</TD>
    <TD>0</TD>
    <TD>0</TD>
    <TD>-32768</TD>
  </TR>
  <TR>
    <TD>CXO J053517.9-052240</TD>
    <TD>83.82493994</TD>
    <TD>-5.37799385</TD>
    <TD>0.46551</TD>
    <TD>T</TD>
    <TD>T</TD>
    <TD>F</TD>
    <TD>4.98307E-15</TD>
    <TD>4.215E-15</TD>
    <TD>5.75889E-15</TD>
    <TD></TD>
    <TD></TD>
    <TD></TD>
    <TD>6.08887</TD>
    <TD>0.0498089</TD>
    <TD>-0.0437402</TD>
    <TD>0.140453</TD>
    <TD>-0.46677</TD>
    <TD>-0.579925</TD>
    <TD>-0.351098</TD>
    <TD>9</TD>
    <TD>-32768</TD>
    <TD>-32768</TD>
    <TD>-32768</TD>
  </TR>
  <TR>
    <TD>CXO J053518.0-052402</TD>
    <TD>83.82516072</TD>
    <TD>-5.40081854</TD>
    <TD>0.15291</TD>
    <TD>T</TD>
    <TD>T</TD>
    <TD>F</TD>
    <TD>4.64651E-14</TD>
    <TD>4.5185E-14</TD>
    <TD>4.77582E-14</TD>
    <TD>7.56507E-15</TD>
    <TD>6.29819E-15</TD>
    <TD>8.84474E-15</TD>
    <TD>17.849</TD>
    <TD>0.336557</TD>
    <TD>0.286851</TD>
    <TD>0.385379</TD>
    <TD>0.252672</TD>
    <TD>0.224712</TD>
    <TD>0.280702</TD>
    <TD>9</TD>
    <TD>0</TD>
    <TD>8</TD>
    <TD>-32768</TD>
  </TR>
  <TR>
    <TD>CXO J053518.0-052400</TD>
    <TD>83.82528688</TD>
    <TD>-5.40027107</TD>
    <TD>0.14991</TD>
    <TD>T</TD>
    <TD>T</TD>
    <TD>F</TD>
    <TD>4.04349E-14</TD>
    <TD>3.94916E-14</TD>
    <TD>4.13877E-14</TD>
    <TD>1.52375E-14</TD>
    <TD>1.35145E-14</TD>
    <TD>1.6978E-14</TD>
    <TD>29.5094</TD>
    <TD>-0.0313176</TD>
    <TD>-0.0572702</TD>
    <TD>-0.00540553</TD>
    <TD>-0.028688</TD>
    <TD>-0.057877</TD>
    <TD>4.73572E-4</TD>
    <TD>9</TD>
    <TD>0</TD>
    <TD>8</TD>
    <TD>-32768</TD>
  </TR>
  <TR>
    <TD>CXO J053518.2-052335</TD>
    <TD>83.82583666</TD>
    <TD>-5.39324991</TD>
    <TD>0.14673</TD>
    <TD>T</TD>
    <TD>F</TD>
    <TD>F</TD>
    <TD>6.27032E-14</TD>
    <TD>6.15475E-14</TD>
    <TD>6.38706E-14</TD>
    <TD>1.45277E-14</TD>
    <TD>1.28904E-14</TD>
    <TD>1.61815E-14</TD>
    <TD>40.8634</TD>
    <TD>0.339068</TD>
    <TD>0.319449</TD>
    <TD>0.358484</TD>
    <TD>0.0682079</TD>
    <TD>0.0523278</TD>
    <TD>0.0839731</TD>
    <TD>10</TD>
    <TD>0</TD>
    <TD>8</TD>
    <TD>-32768</TD>
  </TR>
  <TR>
    <TD>CXO J053518.2-052315</TD>
    <TD>83.82596286</TD>
    <TD>-5.38760267</TD>
    <TD>0.34924</TD>
    <TD>F</TD>
    <TD>F</TD>
    <TD>F</TD>
    <TD>2.1647E-15</TD>
    <TD>1.51151E-15</TD>
    <TD>2.81364E-15</TD>
    <TD></TD>
    <TD></TD>
    <TD></TD>
    <TD>3.55219</TD>
    <TD>-0.0952553</TD>
    <TD>-0.219541</TD>
    <TD>0.0294111</TD>
    <TD>-0.273004</TD>
    <TD>-0.45569</TD>
    <TD>-0.066292</TD>
    <TD>2</TD>
    <TD>-32768</TD>
    <TD>5</TD>
    <TD>-32768</TD>
  </TR>
  <TR>
    <TD>CXO J053518.3-052241</TD>
    <TD>83.82636223</TD>
    <TD>-5.37814958</TD>
    <TD>0.52516</TD>
    <TD>T</TD>
    <TD>F</TD>
    <TD>F</TD>
    <TD>4.78337E-15</TD>
    <TD>4.06288E-15</TD>
    <TD>5.51113E-15</TD>
    <TD></TD>
    <TD></TD>
    <TD></TD>
    <TD>6.91727</TD>
    <TD>-0.01251</TD>
    <TD>-0.0998448</TD>
    <TD>0.0765684</TD>
    <TD>-0.32761</TD>
    <TD>-0.437286</TD>
    <TD>-0.213264</TD>
    <TD>0</TD>
    <TD>-32768</TD>
    <TD>-32768</TD>
    <TD>-32768</TD>
  </TR>
  <TR>
    <TD>CXO J053518.3-052404</TD>
    <TD>83.82637823</TD>
    <TD>-5.40130088</TD>
    <TD>0.15454</TD>
    <TD>T</TD>
    <TD>F</TD>
    <TD>F</TD>
    <TD>1.50312E-14</TD>
    <TD>1.4616E-14</TD>
    <TD>1.54506E-14</TD>
    <TD>9.74068E-15</TD>
    <TD>8.39717E-15</TD>
    <TD>1.10978E-14</TD>
    <TD>18.2882</TD>
    <TD>-0.0170644</TD>
    <TD>-0.0451244</TD>
    <TD>0.0113308</TD>
    <TD>-0.496462</TD>
    <TD>-0.534808</TD>
    <TD>-0.457924</TD>
    <TD>10</TD>
    <TD>2</TD>
    <TD>6</TD>
    <TD>-32768</TD>
  </TR>
  <TR>
    <TD>CXO J053518.3-052237</TD>
    <TD>83.82655004</TD>
    <TD>-5.37707075</TD>
    <TD>0.4015</TD>
    <TD>T</TD>
    <TD>T</TD>
    <TD>F</TD>
    <TD>1.51757E-12</TD>
    <TD>1.51311E-12</TD>
    <TD>1.52209E-12</TD>
    <TD>4.8168E-13</TD>
    <TD>4.72606E-13</TD>
    <TD>4.90845E-13</TD>
    <TD>156.029</TD>
    <TD>0.0817165</TD>
    <TD>0.0766781</TD>
    <TD>0.0867794</TD>
    <TD>-0.0223465</TD>
    <TD>-0.02765</TD>
    <TD>-0.0171189</TD>
    <TD>10</TD>
    <TD>9</TD>
    <TD>8</TD>
    <TD>-32768</TD>
  </TR>
  <TR>
    <TD>CXO J053518.4-052406</TD>
    <TD>83.82694247</TD>
    <TD>-5.40191265</TD>
    <TD>0.16124</TD>
    <TD>T</TD>
    <TD>T</TD>
    <TD>F</TD>
    <TD>1.37515E-14</TD>
    <TD>1.33676E-14</TD>
    <TD>1.41392E-14</TD>
    <TD>2.62695E-15</TD>
    <TD>1.92102E-15</TD>
    <TD>3.45326E-15</TD>
    <TD>20.2619</TD>
    <TD>-0.147293</TD>
    <TD>-0.177667</TD>
    <TD>-0.116693</TD>
    <TD>-0.254688</TD>
    <TD>-0.297129</TD>
    <TD>-0.212164</TD>
    <TD>9</TD>
    <TD>2</TD>
    <TD>8</TD>
    <TD>-32768</TD>
  </TR>
  <TR>
    <TD>CXO J053518.5-052329</TD>
    <TD>83.82710603</TD>
    <TD>-5.39139544</TD>
    <TD>0.29924</TD>
    <TD>F</TD>
    <TD>F</TD>
    <TD>F</TD>
    <TD>3.55482E-15</TD>
    <TD>3.07533E-15</TD>
    <TD>4.03916E-15</TD>
    <TD></TD>
    <TD></TD>
    <TD></TD>
    <TD>5.19601</TD>
    <TD>0.0224992</TD>
    <TD>-0.0885241</TD>
    <TD>0.133507</TD>
    <TD>0.0140313</TD>
    <TD>-0.100449</TD>
    <TD>0.13251</TD>
    <TD>9</TD>
    <TD>-32768</TD>
    <TD>0</TD>
    <TD>-32768</TD>
  </TR>
  <TR>
    <TD>CXO J053518.6-052313</TD>
    <TD>83.82775602</TD>
    <TD>-5.3871475</TD>
    <TD>0.1553</TD>
    <TD>F</TD>
    <TD>F</TD>
    <TD>F</TD>
    <TD>5.06073E-14</TD>
    <TD>4.95229E-14</TD>
    <TD>5.17026E-14</TD>
    <TD>2.48157E-15</TD>
    <TD>1.74615E-15</TD>
    <TD>3.21853E-15</TD>
    <TD>20.3047</TD>
    <TD>0.711247</TD>
    <TD>0.680913</TD>
    <TD>0.740575</TD>
    <TD>0.0977837</TD>
    <TD>0.0822936</TD>
    <TD>0.113861</TD>
    <TD>8</TD>
    <TD>1</TD>
    <TD>8</TD>
    <TD>-32768</TD>
  </TR>
  <TR>
    <TD>CXO J053518.7-052256</TD>
    <TD>83.82792335</TD>
    <TD>-5.38241003</TD>
    <TD>0.14563</TD>
    <TD>F</TD>
    <TD>T</TD>
    <TD>F</TD>
    <TD>8.38129E-14</TD>
    <TD>8.2714E-14</TD>
    <TD>8.49229E-14</TD>
    <TD>2.00977E-14</TD>
    <TD>1.81923E-14</TD>
    <TD>2.20222E-14</TD>
    <TD>40.7387</TD>
    <TD>0.0572374</TD>
    <TD>0.03632</TD>
    <TD>0.0779274</TD>
    <TD>0.156319</TD>
    <TD>0.136481</TD>
    <TD>0.175857</TD>
    <TD>10</TD>
    <TD>6</TD>
    <TD>8</TD>
    <TD>-32768</TD>
  </TR>
  <TR>
    <TD>CXO J053518.8-052306</TD>
    <TD>83.8285511</TD>
    <TD>-5.38520688</TD>
    <TD>0.38307</TD>
    <TD>T</TD>
    <TD>F</TD>
    <TD>F</TD>
    <TD>3.13434E-15</TD>
    <TD>2.6248E-15</TD>
    <TD>3.64903E-15</TD>
    <TD></TD>
    <TD></TD>
    <TD></TD>
    <TD>4.10098</TD>
    <TD>0.517024</TD>
    <TD>0.387492</TD>
    <TD>0.647882</TD>
    <TD>0.136221</TD>
    <TD>0.0452547</TD>
    <TD>0.223087</TD>
    <TD>7</TD>
    <TD>-32768</TD>
    <TD>3</TD>
    <TD>-32768</TD>
  </TR>
  <TR>
    <TD>CXO J053518.8-052328</TD>
    <TD>83.82863504</TD>
    <TD>-5.39130935</TD>
    <TD>0.18426</TD>
    <TD>T</TD>
    <TD>F</TD>
    <TD>F</TD>
    <TD>7.80936E-15</TD>
    <TD>7.34268E-15</TD>
    <TD>8.28074E-15</TD>
    <TD>3.41606E-15</TD>
    <TD>2.54272E-15</TD>
    <TD>4.2936E-15</TD>
    <TD>13.5089</TD>
    <TD>0.148336</TD>
    <TD>0.0862114</TD>
    <TD>0.209109</TD>
    <TD>0.116938</TD>
    <TD>0.0606527</TD>
    <TD>0.17337</TD>
    <TD>8</TD>
    <TD>0</TD>
    <TD>7</TD>
    <TD>-32768</TD>
  </TR>
  <TR>
    <TD>CXO J053518.8-052417</TD>
    <TD>83.82870493</TD>
    <TD>-5.40479945</TD>
    <TD>0.2054</TD>
    <TD>F</TD>
    <TD>F</TD>
    <TD>F</TD>
    <TD>2.02885E-15</TD>
    <TD>1.8429E-15</TD>
    <TD>2.21669E-15</TD>
    <TD>2.54071E-15</TD>
    <TD>1.81143E-15</TD>
    <TD>3.27084E-15</TD>
    <TD>7.47107</TD>
    <TD>-0.111318</TD>
    <TD>-0.206769</TD>
    <TD>-0.0157024</TD>
    <TD>-0.105823</TD>
    <TD>-0.217557</TD>
    <TD>0.0062841</TD>
    <TD>7</TD>
    <TD>1</TD>
    <TD>5</TD>
    <TD>-32768</TD>
  </TR>
  <TR>
    <TD>CXO J053518.9-052321</TD>
    <TD>83.82900851</TD>
    <TD>-5.38938879</TD>
    <TD>0.18377</TD>
    <TD>F</TD>
    <TD>F</TD>
    <TD>F</TD>
    <TD>6.29657E-15</TD>
    <TD>5.91494E-15</TD>
    <TD>6.68206E-15</TD>
    <TD>3.93679E-15</TD>
    <TD>3.03809E-15</TD>
    <TD>4.84281E-15</TD>
    <TD>9.75966</TD>
    <TD>-0.197391</TD>
    <TD>-0.257914</TD>
    <TD>-0.136809</TD>
    <TD>-0.0810207</TD>
    <TD>-0.173516</TD>
    <TD>0.0124436</TD>
    <TD>8</TD>
    <TD>2</TD>
    <TD>7</TD>
    <TD>-32768</TD>
  </TR>
  <TR>
    <TD>CXO J053519.0-052349</TD>
    <TD>83.82943179</TD>
    <TD>-5.39707745</TD>
    <TD>0.18362</TD>
    <TD>T</TD>
    <TD>F</TD>
    <TD>F</TD>
    <TD>1.26527E-14</TD>
    <TD>1.19883E-14</TD>
    <TD>1.33238E-14</TD>
    <TD>2.50362E-15</TD>
    <TD>1.77341E-15</TD>
    <TD>3.23775E-15</TD>
    <TD>9.53704</TD>
    <TD>0.525423</TD>
    <TD>0.46124</TD>
    <TD>0.588078</TD>
    <TD>0.0552625</TD>
    <TD>0.0168023</TD>
    <TD>0.0953571</TD>
    <TD>3</TD>
    <TD>0</TD>
    <TD>5</TD>
    <TD>-32768</TD>
  </TR>
  <TR>
    <TD>CXO J053519.0-052307</TD>
    <TD>83.82947555</TD>
    <TD>-5.38538553</TD>
    <TD>0.60007</TD>
    <TD>T</TD>
    <TD>F</TD>
    <TD>F</TD>
    <TD>3.06568E-15</TD>
    <TD>2.35388E-15</TD>
    <TD>3.77334E-15</TD>
    <TD></TD>
    <TD></TD>
    <TD></TD>
    <TD>3.37258</TD>
    <TD>0.551788</TD>
    <TD>0.364172</TD>
    <TD>0.730936</TD>
    <TD>0.0525947</TD>
    <TD>-0.0788357</TD>
    <TD>0.180734</TD>
    <TD>1</TD>
    <TD>-32768</TD>
    <TD>-32768</TD>
    <TD>-32768</TD>
  </TR>
  <TR>
    <TD>CXO J053519.1-052326</TD>
    <TD>83.82965729</TD>
    <TD>-5.39079219</TD>
    <TD>0.149</TD>
    <TD>T</TD>
    <TD>F</TD>
    <TD>F</TD>
    <TD>4.70476E-14</TD>
    <TD>4.6041E-14</TD>
    <TD>4.80644E-14</TD>
    <TD>3.13813E-14</TD>
    <TD>2.90203E-14</TD>
    <TD>3.37661E-14</TD>
    <TD>29.1204</TD>
    <TD>-0.0186874</TD>
    <TD>-0.0455405</TD>
    <TD>0.00832042</TD>
    <TD>0.0217701</TD>
    <TD>-0.00797979</TD>
    <TD>0.0513939</TD>
    <TD>10</TD>
    <TD>0</TD>
    <TD>8</TD>
    <TD>-32768</TD>
  </TR>
  <TR>
    <TD>CXO J053519.2-052250</TD>
    <TD>83.83003508</TD>
    <TD>-5.38069248</TD>
    <TD>0.14563</TD>
    <TD>F</TD>
    <TD>T</TD>
    <TD>F</TD>
    <TD>7.71165E-14</TD>
    <TD>7.6122E-14</TD>
    <TD>7.8121E-14</TD>
    <TD>2.18413E-14</TD>
    <TD>1.98589E-14</TD>
    <TD>2.38437E-14</TD>
    <TD>35.1845</TD>
    <TD>0.0103539</TD>
    <TD>-0.0123992</TD>
    <TD>0.033453</TD>
    <TD>0.0622218</TD>
    <TD>0.03835</TD>
    <TD>0.0862733</TD>
    <TD>8</TD>
    <TD>0</TD>
    <TD>8</TD>
    <TD>-32768</TD>
  </TR>
  <TR>
    <TD>CXO J053519.3-052306</TD>
    <TD>83.83073658</TD>
    <TD>-5.38508642</TD>
    <TD>0.20406</TD>
    <TD>T</TD>
    <TD>F</TD>
    <TD>F</TD>
    <TD>3.86105E-15</TD>
    <TD>3.52179E-15</TD>
    <TD>4.20375E-15</TD>
    <TD>1.51947E-14</TD>
    <TD>1.35327E-14</TD>
    <TD>1.68735E-14</TD>
    <TD>9.03109</TD>
    <TD>0.70885</TD>
    <TD>0.64733</TD>
    <TD>0.762836</TD>
    <TD>0.118635</TD>
    <TD>0.0899835</TD>
    <TD>0.149562</TD>
    <TD>8</TD>
    <TD>2</TD>
    <TD>5</TD>
    <TD>-32768</TD>
  </TR>
  <TR>
    <TD>CXO J053519.6-052357</TD>
    <TD>83.83170407</TD>
    <TD>-5.3992085</TD>
    <TD>0.14599</TD>
    <TD>F</TD>
    <TD>F</TD>
    <TD>F</TD>
    <TD>5.65477E-14</TD>
    <TD>5.57404E-14</TD>
    <TD>5.73631E-14</TD>
    <TD>1.58911E-14</TD>
    <TD>1.41853E-14</TD>
    <TD>1.76143E-14</TD>
    <TD>33.2056</TD>
    <TD>-0.0563964</TD>
    <TD>-0.0777684</TD>
    <TD>-0.0345916</TD>
    <TD>-0.0881097</TD>
    <TD>-0.114265</TD>
    <TD>-0.0616321</TD>
    <TD>10</TD>
    <TD>0</TD>
    <TD>8</TD>
    <TD>-32768</TD>
  </TR>
  <TR>
    <TD>CXO J053519.6-052303</TD>
    <TD>83.83180325</TD>
    <TD>-5.38429503</TD>
    <TD>0.28673</TD>
    <TD>T</TD>
    <TD>F</TD>
    <TD>F</TD>
    <TD>3.38795E-14</TD>
    <TD>3.25298E-14</TD>
    <TD>3.52428E-14</TD>
    <TD></TD>
    <TD></TD>
    <TD></TD>
    <TD>24.1923</TD>
    <TD>0.521923</TD>
    <TD>0.490019</TD>
    <TD>0.552917</TD>
    <TD>0.168157</TD>
    <TD>0.148041</TD>
    <TD>0.187617</TD>
    <TD>10</TD>
    <TD>-32768</TD>
    <TD>8</TD>
    <TD>-32768</TD>
  </TR>
  <TR>
    <TD>CXO J053520.1-052308</TD>
    <TD>83.83405767</TD>
    <TD>-5.38565134</TD>
    <TD>0.17176</TD>
    <TD>F</TD>
    <TD>F</TD>
    <TD>F</TD>
    <TD>1.6732E-14</TD>
    <TD>1.60671E-14</TD>
    <TD>1.74036E-14</TD>
    <TD>8.91914E-15</TD>
    <TD>7.62577E-15</TD>
    <TD>1.02256E-14</TD>
    <TD>16.7378</TD>
    <TD>0.704872</TD>
    <TD>0.667655</TD>
    <TD>0.74077</TD>
    <TD>0.0802904</TD>
    <TD>0.0564153</TD>
    <TD>0.103995</TD>
    <TD>9</TD>
    <TD>8</TD>
    <TD>8</TD>
    <TD>-32768</TD>
  </TR>
  <TR>
    <TD>CXO J053520.4-052329</TD>
    <TD>83.83524928</TD>
    <TD>-5.39157915</TD>
    <TD>0.14495</TD>
    <TD>F</TD>
    <TD>T</TD>
    <TD>F</TD>
    <TD>1.48294E-13</TD>
    <TD>1.46302E-13</TD>
    <TD>1.50305E-13</TD>
    <TD>6.19981E-14</TD>
    <TD>5.87156E-14</TD>
    <TD>6.53138E-14</TD>
    <TD>37.6376</TD>
    <TD>-0.0342289</TD>
    <TD>-0.0543452</TD>
    <TD>-0.0144118</TD>
    <TD>-0.0400774</TD>
    <TD>-0.0630867</TD>
    <TD>-0.0171071</TD>
    <TD>10</TD>
    <TD>0</TD>
    <TD>8</TD>
    <TD>-32768</TD>
  </TR>
  <TR>
    <TD>CXO J053520.6-052353</TD>
    <TD>83.83613982</TD>
    <TD>-5.39807062</TD>
    <TD>0.14505</TD>
    <TD>F</TD>
    <TD>F</TD>
    <TD>F</TD>
    <TD>1.22974E-13</TD>
    <TD>1.21659E-13</TD>
    <TD>1.24301E-13</TD>
    <TD>3.53667E-14</TD>
    <TD>3.28387E-14</TD>
    <TD>3.79203E-14</TD>
    <TD>51.6767</TD>
    <TD>-0.0736723</TD>
    <TD>-0.0873284</TD>
    <TD>-0.0601008</TD>
    <TD>-0.114096</TD>
    <TD>-0.131036</TD>
    <TD>-0.0970645</TD>
    <TD>10</TD>
    <TD>8</TD>
    <TD>8</TD>
    <TD>-32768</TD>
  </TR>
  <TR>
    <TD>CXO J053520.9-052321</TD>
    <TD>83.83713079</TD>
    <TD>-5.38937613</TD>
    <TD>0.17294</TD>
    <TD>F</TD>
    <TD>F</TD>
    <TD>F</TD>
    <TD>1.27352E-14</TD>
    <TD>1.22038E-14</TD>
    <TD>1.32719E-14</TD>
    <TD>4.79489E-15</TD>
    <TD>3.76627E-15</TD>
    <TD>5.82531E-15</TD>
    <TD>15.092</TD>
    <TD>-0.00451392</TD>
    <TD>-0.0506769</TD>
    <TD>0.0414142</TD>
    <TD>-0.143189</TD>
    <TD>-0.198027</TD>
    <TD>-0.0872535</TD>
    <TD>9</TD>
    <TD>1</TD>
    <TD>7</TD>
    <TD>-32768</TD>
  </TR>
  <TR>
    <TD>CXO J053521.0-052348</TD>
    <TD>83.83769663</TD>
    <TD>-5.39690299</TD>
    <TD>0.16319</TD>
    <TD>F</TD>
    <TD>T</TD>
    <TD>F</TD>
    <TD>9.62079E-13</TD>
    <TD>9.58324E-13</TD>
    <TD>9.65871E-13</TD>
    <TD>4.11609E-13</TD>
    <TD>4.032E-13</TD>
    <TD>4.20101E-13</TD>
    <TD>120.381</TD>
    <TD>0.0273304</TD>
    <TD>0.0211311</TD>
    <TD>0.0335637</TD>
    <TD>-0.0775369</TD>
    <TD>-0.0845064</TD>
    <TD>-0.070693</TD>
    <TD>10</TD>
    <TD>5</TD>
    <TD>8</TD>
    <TD>-32768</TD>
  </TR>
</TABLEDATA>
</DATA>
</TABLE>
</RESOURCE>
</VOTABLE>
