<?xml version='1.0'?>
<VOTABLE version="1.1"
 xmlns:xsi="http://www.w3.org/2001/XMLSchema-instance"
 xsi:schemaLocation="http://www.ivoa.net/xml/VOTable/v1.1 http://www.ivoa.net/xml/VOTable/v1.1"
 xmlns="http://www.ivoa.net/xml/VOTable/v1.1">
<!--
 !  VOTable written by STIL version 3.0-3 (uk.ac.starlink.votable.VOTableWriter)
 !  at 2012-11-13T19:40:48
 !-->
<RESOURCE>
<TABLE name="RA:83.8221,DEC:-5.39111,SR:0.01666,VERB:2,TIME:2012/10/18_10:31:06" nrows="127">
<DESCRIPTION>
Chandra Source Catalog VO Cone Search Service
</DESCRIPTION>
<PARAM arraysize="2" datatype="char" name="TimeScale" utype="stc:AstroCoordSystem.TimeFrame.TimeScale" value="TT"/>
<PARAM arraysize="10" datatype="char" name="TimeRefPosition" utype="stc:AstroCoordSystem.TimeFrame.ReferencePosition" value="TOPOCENTER"/>
<PARAM arraysize="4" datatype="char" name="SpaceRefFrame" utype="stc:AstroCoordSystem.SpaceFrame.SpaceRefFrame" value="ICRS"/>
<PARAM arraysize="10" datatype="char" name="SpaceRefPosition" utype="stc:AstroCoordSystem.SpaceFrame.ReferencePosition" value="TOPOCENTER"/>
<PARAM arraysize="10" datatype="char" name="SpectralRefPosition" utype="stc:AstroCoordSystem.SpectralFrame.ReferencePosition" value="TOPOCENTER"/>
<PARAM arraysize="4" datatype="char" name="cooframe" ucd="pos.frame" utype="stc:AstroCoords.coord_system_id" value="ICRS"/>
<FIELD ID="col0" arraysize="*" datatype="char" name="name" ucd="meta.id;meta.main" width="20">
<DESCRIPTION>Source name in the format 'CXO Jhhmmss.s +/- ddmmss'</DESCRIPTION>
</FIELD>
<FIELD ID="col1" arraysize="*" datatype="double" name="ra" precision="F5" ref="ICRScoords" ucd="pos.eq.ra;meta.main" utype="stc:AstroCoords.Position2D.Value2.C1" width="9">
<DESCRIPTION>Source position, ICRS right ascension</DESCRIPTION>
</FIELD>
<FIELD ID="col2" arraysize="*" datatype="double" name="dec" precision="F5" ref="ICRScoords" ucd="pos.eq.dec;meta.main" utype="stc:AstroCoords.Position2D.Value2.C2" width="9">
<DESCRIPTION>Source position, ICRS declination</DESCRIPTION>
</FIELD>
<FIELD ID="col10" arraysize="*" datatype="double" name="flux_aper_w" precision="E3" ucd="phot.flux;src.net;em.X-ray" unit="erg/s*cm^2" width="9">
<DESCRIPTION>Aperture-corrected net energy flux inferred from the source region aperture, calculated by counting X-ray events; HRC wide energy band</DESCRIPTION>
</FIELD>
<FIELD ID="col11" arraysize="*" datatype="double" name="flux_aper_lolim_w" precision="E3" ucd="stat.error;phot.flux;src.net;stat.min;em.X-ray" unit="erg/s*cm^2" width="9">
<DESCRIPTION>Aperture-corrected net energy flux inferred from the source region aperture, calculated by counting X-ray events (68% lower confidence limit); HRC wide energy band</DESCRIPTION>
</FIELD>
<FIELD ID="col22" arraysize="*" datatype="short" name="var_inter_index_b" ucd="src.var.index;em.X-ray" width="6">
<DESCRIPTION>Inter-observation variability index in the range [0, 10]; indicates whether the source region photon flux is constant between observations; ACIS broad energy band</DESCRIPTION>
</FIELD>
<FIELD ID="col23" arraysize="*" datatype="short" name="var_inter_index_w" ucd="src.var.index;em.X-ray" width="6">
<DESCRIPTION>Inter-observation variability index in the range [0, 10]; indicates whether the source region photon flux is constant between observations; HRC wide energy band</DESCRIPTION>
</FIELD>
<DATA>
<TABLEDATA>
  <TR>
    <TD>CXO J053513.4-052340</TD>
    <TD>83.80601567</TD>
    <TD>-5.39448431</TD>
    <TD>5.88765E-14</TD>
    <TD>5.56953E-14</TD>
    <TD>8</TD>
    <TD>-32768</TD>
  </TR>
  <TR>
    <TD>CXO J053513.5-052330</TD>
    <TD>83.80637907</TD>
    <TD>-5.39185304</TD>
    <TD>3.03441E-14</TD>
    <TD>2.80268E-14</TD>
    <TD>8</TD>
    <TD>-32768</TD>
  </TR>
  <TR>
    <TD>CXO J053513.9-052319</TD>
    <TD>83.80801443</TD>
    <TD>-5.3888603</TD>
    <TD></TD>
    <TD></TD>
    <TD>6</TD>
    <TD>-32768</TD>
  </TR>
  <TR>
    <TD>CXO J053514.0-052338</TD>
    <TD>83.8085595</TD>
    <TD>-5.3939577</TD>
    <TD>2.97063E-14</TD>
    <TD>2.74026E-14</TD>
    <TD>8</TD>
    <TD>-32768</TD>
  </TR>
  <TR>
    <TD>CXO J053514.2-052304</TD>
    <TD>83.80953052</TD>
    <TD>-5.38444889</TD>
    <TD></TD>
    <TD></TD>
    <TD>8</TD>
    <TD>-32768</TD>
  </TR>
  <TR>
    <TD>CXO J053514.3-052308</TD>
    <TD>83.80962741</TD>
    <TD>-5.38557712</TD>
    <TD>1.05285E-14</TD>
    <TD>9.11164E-15</TD>
    <TD>8</TD>
    <TD>-32768</TD>
  </TR>
  <TR>
    <TD>CXO J053514.3-052317</TD>
    <TD>83.80969326</TD>
    <TD>-5.38810981</TD>
    <TD></TD>
    <TD></TD>
    <TD>8</TD>
    <TD>-32768</TD>
  </TR>
  <TR>
    <TD>CXO J053514.3-052253</TD>
    <TD>83.8098206</TD>
    <TD>-5.3816407</TD>
    <TD></TD>
    <TD></TD>
    <TD>8</TD>
    <TD>-32768</TD>
  </TR>
  <TR>
    <TD>CXO J053514.4-052322</TD>
    <TD>83.8099784</TD>
    <TD>-5.38966568</TD>
    <TD></TD>
    <TD></TD>
    <TD>8</TD>
    <TD>-32768</TD>
  </TR>
  <TR>
    <TD>CXO J053514.3-052333</TD>
    <TD>83.80998065</TD>
    <TD>-5.39261156</TD>
    <TD>1.46049E-14</TD>
    <TD>1.29563E-14</TD>
    <TD>8</TD>
    <TD>-32768</TD>
  </TR>
  <TR>
    <TD>CXO J053514.5-052315</TD>
    <TD>83.81056936</TD>
    <TD>-5.38772233</TD>
    <TD>8.55561E-15</TD>
    <TD>7.21816E-15</TD>
    <TD>7</TD>
    <TD>-32768</TD>
  </TR>
  <TR>
    <TD>CXO J053514.5-052407</TD>
    <TD>83.81072267</TD>
    <TD>-5.40217119</TD>
    <TD></TD>
    <TD></TD>
    <TD>6</TD>
    <TD>-32768</TD>
  </TR>
  <TR>
    <TD>CXO J053514.6-052328</TD>
    <TD>83.81100284</TD>
    <TD>-5.39122647</TD>
    <TD></TD>
    <TD></TD>
    <TD>-32768</TD>
    <TD>-32768</TD>
  </TR>
  <TR>
    <TD>CXO J053514.6-052301</TD>
    <TD>83.81109487</TD>
    <TD>-5.38379019</TD>
    <TD>9.53745E-15</TD>
    <TD>8.13605E-15</TD>
    <TD>8</TD>
    <TD>-32768</TD>
  </TR>
  <TR>
    <TD>CXO J053514.6-052249</TD>
    <TD>83.81120139</TD>
    <TD>-5.38033176</TD>
    <TD></TD>
    <TD></TD>
    <TD>7</TD>
    <TD>-32768</TD>
  </TR>
  <TR>
    <TD>CXO J053514.7-052412</TD>
    <TD>83.81128448</TD>
    <TD>-5.40343355</TD>
    <TD></TD>
    <TD></TD>
    <TD>5</TD>
    <TD>-32768</TD>
  </TR>
  <TR>
    <TD>CXO J053514.7-052322</TD>
    <TD>83.81133486</TD>
    <TD>-5.38964017</TD>
    <TD>5.23879E-14</TD>
    <TD>4.93591E-14</TD>
    <TD>8</TD>
    <TD>-32768</TD>
  </TR>
  <TR>
    <TD>CXO J053514.8-052406</TD>
    <TD>83.81170941</TD>
    <TD>-5.40185359</TD>
    <TD></TD>
    <TD></TD>
    <TD>8</TD>
    <TD>-32768</TD>
  </TR>
  <TR>
    <TD>CXO J053514.8-052346</TD>
    <TD>83.8117676</TD>
    <TD>-5.39615671</TD>
    <TD>1.26507E-14</TD>
    <TD>1.10556E-14</TD>
    <TD>5</TD>
    <TD>-32768</TD>
  </TR>
  <TR>
    <TD>CXO J053514.8-052315</TD>
    <TD>83.81177012</TD>
    <TD>-5.38770869</TD>
    <TD></TD>
    <TD></TD>
    <TD>6</TD>
    <TD>-32768</TD>
  </TR>
  <TR>
    <TD>CXO J053514.8-052304</TD>
    <TD>83.81193361</TD>
    <TD>-5.38466425</TD>
    <TD></TD>
    <TD></TD>
    <TD>8</TD>
    <TD>-32768</TD>
  </TR>
  <TR>
    <TD>CXO J053514.9-052412</TD>
    <TD>83.81217858</TD>
    <TD>-5.40351021</TD>
    <TD>1.58719E-14</TD>
    <TD>1.41828E-14</TD>
    <TD>8</TD>
    <TD>-32768</TD>
  </TR>
  <TR>
    <TD>CXO J053514.9-052328</TD>
    <TD>83.81220892</TD>
    <TD>-5.39133275</TD>
    <TD>3.58725E-15</TD>
    <TD>2.70965E-15</TD>
    <TD>6</TD>
    <TD>-32768</TD>
  </TR>
  <TR>
    <TD>CXO J053514.9-052338</TD>
    <TD>83.81228445</TD>
    <TD>-5.39416969</TD>
    <TD>2.82477E-13</TD>
    <TD>2.75562E-13</TD>
    <TD>8</TD>
    <TD>-32768</TD>
  </TR>
  <TR>
    <TD>CXO J053515.0-052354</TD>
    <TD>83.81265915</TD>
    <TD>-5.39841906</TD>
    <TD>3.93214E-15</TD>
    <TD>2.99955E-15</TD>
    <TD>-32768</TD>
    <TD>-32768</TD>
  </TR>
  <TR>
    <TD>CXO J053515.1-052304</TD>
    <TD>83.81297046</TD>
    <TD>-5.38451569</TD>
    <TD></TD>
    <TD></TD>
    <TD>-32768</TD>
    <TD>-32768</TD>
  </TR>
  <TR>
    <TD>CXO J053515.1-052346</TD>
    <TD>83.81314399</TD>
    <TD>-5.39621512</TD>
    <TD>4.00059E-15</TD>
    <TD>3.0109E-15</TD>
    <TD>0</TD>
    <TD>-32768</TD>
  </TR>
  <TR>
    <TD>CXO J053515.1-052254</TD>
    <TD>83.81329418</TD>
    <TD>-5.38172473</TD>
    <TD>1.6316E-14</TD>
    <TD>1.43274E-14</TD>
    <TD>8</TD>
    <TD>-32768</TD>
  </TR>
  <TR>
    <TD>CXO J053515.1-052318</TD>
    <TD>83.81330006</TD>
    <TD>-5.3885408</TD>
    <TD></TD>
    <TD></TD>
    <TD>-32768</TD>
    <TD>-32768</TD>
  </TR>
  <TR>
    <TD>CXO J053515.2-052256</TD>
    <TD>83.81360368</TD>
    <TD>-5.38242218</TD>
    <TD>2.6702E-13</TD>
    <TD>2.60158E-13</TD>
    <TD>8</TD>
    <TD>-32768</TD>
  </TR>
  <TR>
    <TD>CXO J053515.3-052333</TD>
    <TD>83.81407441</TD>
    <TD>-5.39255272</TD>
    <TD>1.93736E-14</TD>
    <TD>1.7427E-14</TD>
    <TD>8</TD>
    <TD>-32768</TD>
  </TR>
  <TR>
    <TD>CXO J053515.4-052345</TD>
    <TD>83.81434295</TD>
    <TD>-5.39590645</TD>
    <TD>9.9547E-15</TD>
    <TD>8.51468E-15</TD>
    <TD>8</TD>
    <TD>-32768</TD>
  </TR>
  <TR>
    <TD>CXO J053515.4-052248</TD>
    <TD>83.8145085</TD>
    <TD>-5.38011504</TD>
    <TD>8.82286E-15</TD>
    <TD>7.076E-15</TD>
    <TD>8</TD>
    <TD>-32768</TD>
  </TR>
  <TR>
    <TD>CXO J053515.4-052337</TD>
    <TD>83.81455127</TD>
    <TD>-5.39376129</TD>
    <TD></TD>
    <TD></TD>
    <TD>-32768</TD>
    <TD>-32768</TD>
  </TR>
  <TR>
    <TD>CXO J053515.5-052246</TD>
    <TD>83.81473478</TD>
    <TD>-5.37948293</TD>
    <TD></TD>
    <TD></TD>
    <TD>7</TD>
    <TD>-32768</TD>
  </TR>
  <TR>
    <TD>CXO J053515.6-052402</TD>
    <TD>83.81504651</TD>
    <TD>-5.40078793</TD>
    <TD>5.66629E-14</TD>
    <TD>5.35161E-14</TD>
    <TD>7</TD>
    <TD>-32768</TD>
  </TR>
  <TR>
    <TD>CXO J053515.6-052256</TD>
    <TD>83.81514589</TD>
    <TD>-5.3823026</TD>
    <TD>2.02006E-12</TD>
    <TD>2.00158E-12</TD>
    <TD>8</TD>
    <TD>-32768</TD>
  </TR>
  <TR>
    <TD>CXO J053515.7-052339</TD>
    <TD>83.815411</TD>
    <TD>-5.3941811</TD>
    <TD></TD>
    <TD></TD>
    <TD>-32768</TD>
    <TD>-32768</TD>
  </TR>
  <TR>
    <TD>CXO J053515.7-052411</TD>
    <TD>83.81562914</TD>
    <TD>-5.403203640000001</TD>
    <TD></TD>
    <TD></TD>
    <TD>-32768</TD>
    <TD>-32768</TD>
  </TR>
  <TR>
    <TD>CXO J053515.7-052338</TD>
    <TD>83.8157219</TD>
    <TD>-5.39390552</TD>
    <TD></TD>
    <TD></TD>
    <TD>-32768</TD>
    <TD>-32768</TD>
  </TR>
  <TR>
    <TD>CXO J053515.7-052309</TD>
    <TD>83.81574739</TD>
    <TD>-5.38606832</TD>
    <TD>1.87491E-12</TD>
    <TD>1.85709E-12</TD>
    <TD>8</TD>
    <TD>-32768</TD>
  </TR>
  <TR>
    <TD>CXO J053515.8-052305</TD>
    <TD>83.81588895</TD>
    <TD>-5.38485094</TD>
    <TD></TD>
    <TD></TD>
    <TD>-32768</TD>
    <TD>-32768</TD>
  </TR>
  <TR>
    <TD>CXO J053515.8-052313</TD>
    <TD>83.815963</TD>
    <TD>-5.38726978</TD>
    <TD>1.01992E-12</TD>
    <TD>1.00666E-12</TD>
    <TD>8</TD>
    <TD>-32768</TD>
  </TR>
  <TR>
    <TD>CXO J053515.8-052245</TD>
    <TD>83.81598875</TD>
    <TD>-5.37934237</TD>
    <TD>3.40691E-15</TD>
    <TD>2.32026E-15</TD>
    <TD>8</TD>
    <TD>-32768</TD>
  </TR>
  <TR>
    <TD>CXO J053515.8-052322</TD>
    <TD>83.81610029</TD>
    <TD>-5.38953689</TD>
    <TD></TD>
    <TD></TD>
    <TD>-32768</TD>
    <TD>-32768</TD>
  </TR>
  <TR>
    <TD>CXO J053515.8-052318</TD>
    <TD>83.81611207</TD>
    <TD>-5.38856486</TD>
    <TD></TD>
    <TD></TD>
    <TD>-32768</TD>
    <TD>-32768</TD>
  </TR>
  <TR>
    <TD>CXO J053515.8-052301</TD>
    <TD>83.81612461</TD>
    <TD>-5.38382611</TD>
    <TD></TD>
    <TD></TD>
    <TD>5</TD>
    <TD>-32768</TD>
  </TR>
  <TR>
    <TD>CXO J053515.8-052233</TD>
    <TD>83.81613303</TD>
    <TD>-5.37585042</TD>
    <TD></TD>
    <TD></TD>
    <TD>5</TD>
    <TD>-32768</TD>
  </TR>
  <TR>
    <TD>CXO J053515.8-052310</TD>
    <TD>83.81619</TD>
    <TD>-5.3863028</TD>
    <TD></TD>
    <TD></TD>
    <TD>-32768</TD>
    <TD>-32768</TD>
  </TR>
  <TR>
    <TD>CXO J053515.9-052417</TD>
    <TD>83.8162912</TD>
    <TD>-5.40491845</TD>
    <TD>3.78186E-15</TD>
    <TD>2.91713E-15</TD>
    <TD>-32768</TD>
    <TD>-32768</TD>
  </TR>
  <TR>
    <TD>CXO J053515.9-052349</TD>
    <TD>83.81647584</TD>
    <TD>-5.39713268</TD>
    <TD>1.89669E-13</TD>
    <TD>1.83958E-13</TD>
    <TD>8</TD>
    <TD>-32768</TD>
  </TR>
  <TR>
    <TD>CXO J053516.0-052352</TD>
    <TD>83.81675305</TD>
    <TD>-5.39801365</TD>
    <TD>1.48552E-14</TD>
    <TD>1.31388E-14</TD>
    <TD>8</TD>
    <TD>-32768</TD>
  </TR>
  <TR>
    <TD>CXO J053516.0-052253</TD>
    <TD>83.81698406</TD>
    <TD>-5.38164426</TD>
    <TD></TD>
    <TD></TD>
    <TD>8</TD>
    <TD>-32768</TD>
  </TR>
  <TR>
    <TD>CXO J053516.0-052306</TD>
    <TD>83.81701311</TD>
    <TD>-5.38522135</TD>
    <TD>5.32069E-14</TD>
    <TD>4.98546E-14</TD>
    <TD>8</TD>
    <TD>-32768</TD>
  </TR>
  <TR>
    <TD>CXO J053516.0-052325</TD>
    <TD>83.8170161</TD>
    <TD>-5.39040007</TD>
    <TD></TD>
    <TD></TD>
    <TD>-32768</TD>
    <TD>-32768</TD>
  </TR>
  <TR>
    <TD>CXO J053516.0-052411</TD>
    <TD>83.8170323</TD>
    <TD>-5.4031178</TD>
    <TD>3.44264E-15</TD>
    <TD>2.59187E-15</TD>
    <TD>8</TD>
    <TD>-32768</TD>
  </TR>
  <TR>
    <TD>CXO J053516.0-052322</TD>
    <TD>83.81705333</TD>
    <TD>-5.3896635</TD>
    <TD>9.51118E-15</TD>
    <TD>6.51756E-15</TD>
    <TD>8</TD>
    <TD>-32768</TD>
  </TR>
  <TR>
    <TD>CXO J053516.1-052313</TD>
    <TD>83.81720052</TD>
    <TD>-5.38708875</TD>
    <TD></TD>
    <TD></TD>
    <TD>0</TD>
    <TD>-32768</TD>
  </TR>
  <TR>
    <TD>CXO J053516.1-052309</TD>
    <TD>83.8172558</TD>
    <TD>-5.38598655</TD>
    <TD></TD>
    <TD></TD>
    <TD>-32768</TD>
    <TD>-32768</TD>
  </TR>
  <TR>
    <TD>CXO J053516.1-052237</TD>
    <TD>83.81744498</TD>
    <TD>-5.37702105</TD>
    <TD>3.88118E-15</TD>
    <TD>2.96665E-15</TD>
    <TD>8</TD>
    <TD>-32768</TD>
  </TR>
  <TR>
    <TD>CXO J053516.2-052318</TD>
    <TD>83.81746865</TD>
    <TD>-5.38854714</TD>
    <TD></TD>
    <TD></TD>
    <TD>4</TD>
    <TD>-32768</TD>
  </TR>
  <TR>
    <TD>CXO J053516.2-052316</TD>
    <TD>83.8178479</TD>
    <TD>-5.38786385</TD>
    <TD></TD>
    <TD></TD>
    <TD>8</TD>
    <TD>-32768</TD>
  </TR>
  <TR>
    <TD>CXO J053516.3-052403</TD>
    <TD>83.81822268</TD>
    <TD>-5.40086482</TD>
    <TD>1.1893E-13</TD>
    <TD>1.14403E-13</TD>
    <TD>8</TD>
    <TD>-32768</TD>
  </TR>
  <TR>
    <TD>CXO J053516.4-052329</TD>
    <TD>83.81859564</TD>
    <TD>-5.39142135</TD>
    <TD></TD>
    <TD></TD>
    <TD>-32768</TD>
    <TD>-32768</TD>
  </TR>
  <TR>
    <TD>CXO J053516.4-052331</TD>
    <TD>83.81861877</TD>
    <TD>-5.39200198</TD>
    <TD></TD>
    <TD></TD>
    <TD>-32768</TD>
    <TD>-32768</TD>
  </TR>
  <TR>
    <TD>CXO J053516.4-052322</TD>
    <TD>83.81863682</TD>
    <TD>-5.38964395</TD>
    <TD>1.93706E-11</TD>
    <TD>1.93136E-11</TD>
    <TD>8</TD>
    <TD>-32768</TD>
  </TR>
  <TR>
    <TD>CXO J053516.4-052256</TD>
    <TD>83.81868061</TD>
    <TD>-5.38231438</TD>
    <TD></TD>
    <TD></TD>
    <TD>8</TD>
    <TD>-32768</TD>
  </TR>
  <TR>
    <TD>CXO J053516.4-052234</TD>
    <TD>83.81869862</TD>
    <TD>-5.37637281</TD>
    <TD>3.92169E-15</TD>
    <TD>2.98105E-15</TD>
    <TD>8</TD>
    <TD>-32768</TD>
  </TR>
  <TR>
    <TD>CXO J053516.5-052405</TD>
    <TD>83.81907688</TD>
    <TD>-5.40160715</TD>
    <TD>2.21828E-14</TD>
    <TD>2.01516E-14</TD>
    <TD>8</TD>
    <TD>-32768</TD>
  </TR>
  <TR>
    <TD>CXO J053516.6-052315</TD>
    <TD>83.81916799</TD>
    <TD>-5.38771941</TD>
    <TD></TD>
    <TD></TD>
    <TD>6</TD>
    <TD>-32768</TD>
  </TR>
  <TR>
    <TD>CXO J053516.7-052231</TD>
    <TD>83.81971948</TD>
    <TD>-5.37529756</TD>
    <TD>5.06829E-15</TD>
    <TD>4.00493E-15</TD>
    <TD>8</TD>
    <TD>-32768</TD>
  </TR>
  <TR>
    <TD>CXO J053516.7-052316</TD>
    <TD>83.81979918</TD>
    <TD>-5.38783323</TD>
    <TD></TD>
    <TD></TD>
    <TD>8</TD>
    <TD>-32768</TD>
  </TR>
  <TR>
    <TD>CXO J053516.7-052327</TD>
    <TD>83.81985651</TD>
    <TD>-5.39106185</TD>
    <TD></TD>
    <TD></TD>
    <TD>7</TD>
    <TD>-32768</TD>
  </TR>
  <TR>
    <TD>CXO J053516.7-052404</TD>
    <TD>83.81985811</TD>
    <TD>-5.40112096</TD>
    <TD>1.20933E-13</TD>
    <TD>1.16357E-13</TD>
    <TD>8</TD>
    <TD>-32768</TD>
  </TR>
  <TR>
    <TD>CXO J053516.9-052248</TD>
    <TD>83.82067804</TD>
    <TD>-5.38003602</TD>
    <TD></TD>
    <TD></TD>
    <TD>0</TD>
    <TD>-32768</TD>
  </TR>
  <TR>
    <TD>CXO J053516.9-052300</TD>
    <TD>83.82072056</TD>
    <TD>-5.38354443</TD>
    <TD>2.73814E-15</TD>
    <TD>1.91129E-15</TD>
    <TD>6</TD>
    <TD>-32768</TD>
  </TR>
  <TR>
    <TD>CXO J053516.9-052336</TD>
    <TD>83.82074477</TD>
    <TD>-5.39357858</TD>
    <TD></TD>
    <TD></TD>
    <TD>6</TD>
    <TD>-32768</TD>
  </TR>
  <TR>
    <TD>CXO J053517.0-052232</TD>
    <TD>83.82085444</TD>
    <TD>-5.37579242</TD>
    <TD>1.51166E-13</TD>
    <TD>1.46086E-13</TD>
    <TD>8</TD>
    <TD>-32768</TD>
  </TR>
  <TR>
    <TD>CXO J053517.0-052339</TD>
    <TD>83.82106838</TD>
    <TD>-5.39432294</TD>
    <TD>1.1665E-13</TD>
    <TD>1.1214E-13</TD>
    <TD>6</TD>
    <TD>-32768</TD>
  </TR>
  <TR>
    <TD>CXO J053517.0-052333</TD>
    <TD>83.82109826</TD>
    <TD>-5.39273815</TD>
    <TD>8.75803E-14</TD>
    <TD>8.36184E-14</TD>
    <TD>8</TD>
    <TD>-32768</TD>
  </TR>
  <TR>
    <TD>CXO J053517.1-052249</TD>
    <TD>83.82131869</TD>
    <TD>-5.38053261</TD>
    <TD>3.98751E-15</TD>
    <TD>3.07147E-15</TD>
    <TD>7</TD>
    <TD>-32768</TD>
  </TR>
  <TR>
    <TD>CXO J053517.2-052316</TD>
    <TD>83.82189417</TD>
    <TD>-5.38789001</TD>
    <TD>8.88455E-14</TD>
    <TD>8.48444E-14</TD>
    <TD>0</TD>
    <TD>-32768</TD>
  </TR>
  <TR>
    <TD>CXO J053517.2-052423</TD>
    <TD>83.82196154</TD>
    <TD>-5.40666165</TD>
    <TD></TD>
    <TD></TD>
    <TD>5</TD>
    <TD>-32768</TD>
  </TR>
  <TR>
    <TD>CXO J053517.3-052235</TD>
    <TD>83.82228078</TD>
    <TD>-5.37653942</TD>
    <TD></TD>
    <TD></TD>
    <TD>5</TD>
    <TD>-32768</TD>
  </TR>
  <TR>
    <TD>CXO J053517.3-052245</TD>
    <TD>83.82234198</TD>
    <TD>-5.37931217</TD>
    <TD></TD>
    <TD></TD>
    <TD>5</TD>
    <TD>-32768</TD>
  </TR>
  <TR>
    <TD>CXO J053517.3-052304</TD>
    <TD>83.82237467</TD>
    <TD>-5.38461745</TD>
    <TD></TD>
    <TD></TD>
    <TD>-32768</TD>
    <TD>-32768</TD>
  </TR>
  <TR>
    <TD>CXO J053517.3-052400</TD>
    <TD>83.8224061</TD>
    <TD>-5.40002211</TD>
    <TD>3.45141E-15</TD>
    <TD>2.58232E-15</TD>
    <TD>5</TD>
    <TD>-32768</TD>
  </TR>
  <TR>
    <TD>CXO J053517.3-052413</TD>
    <TD>83.82244801</TD>
    <TD>-5.40381331</TD>
    <TD>2.84905E-15</TD>
    <TD>2.06367E-15</TD>
    <TD>0</TD>
    <TD>-32768</TD>
  </TR>
  <TR>
    <TD>CXO J053517.4-052320</TD>
    <TD>83.82275909</TD>
    <TD>-5.38913778</TD>
    <TD>9.46104E-14</TD>
    <TD>9.05153E-14</TD>
    <TD>8</TD>
    <TD>-32768</TD>
  </TR>
  <TR>
    <TD>CXO J053517.4-052251</TD>
    <TD>83.82278772</TD>
    <TD>-5.38085618</TD>
    <TD></TD>
    <TD></TD>
    <TD>0</TD>
    <TD>-32768</TD>
  </TR>
  <TR>
    <TD>CXO J053517.4-052417</TD>
    <TD>83.8228207</TD>
    <TD>-5.40476643</TD>
    <TD></TD>
    <TD></TD>
    <TD>6</TD>
    <TD>-32768</TD>
  </TR>
  <TR>
    <TD>CXO J053517.5-052256</TD>
    <TD>83.82316819</TD>
    <TD>-5.38239764</TD>
    <TD>7.30177E-15</TD>
    <TD>6.08289E-15</TD>
    <TD>8</TD>
    <TD>-32768</TD>
  </TR>
  <TR>
    <TD>CXO J053517.7-052230</TD>
    <TD>83.82394082</TD>
    <TD>-5.37517547</TD>
    <TD></TD>
    <TD></TD>
    <TD>-32768</TD>
    <TD>-32768</TD>
  </TR>
  <TR>
    <TD>CXO J053517.7-052342</TD>
    <TD>83.82403421</TD>
    <TD>-5.39507242</TD>
    <TD></TD>
    <TD></TD>
    <TD>8</TD>
    <TD>-32768</TD>
  </TR>
  <TR>
    <TD>CXO J053517.7-052344</TD>
    <TD>83.82408397</TD>
    <TD>-5.39556838</TD>
    <TD>6.16894E-15</TD>
    <TD>5.06292E-15</TD>
    <TD>8</TD>
    <TD>-32768</TD>
  </TR>
  <TR>
    <TD>CXO J053517.8-052315</TD>
    <TD>83.82422327</TD>
    <TD>-5.38761097</TD>
    <TD>5.5013E-15</TD>
    <TD>4.37611E-15</TD>
    <TD>8</TD>
    <TD>-32768</TD>
  </TR>
  <TR>
    <TD>CXO J053517.8-052302</TD>
    <TD>83.82443905</TD>
    <TD>-5.38414023</TD>
    <TD>3.99183E-15</TD>
    <TD>3.06073E-15</TD>
    <TD>6</TD>
    <TD>-32768</TD>
  </TR>
  <TR>
    <TD>CXO J053517.9-052245</TD>
    <TD>83.82479363</TD>
    <TD>-5.37929955</TD>
    <TD>7.72945E-13</TD>
    <TD>7.61515E-13</TD>
    <TD>8</TD>
    <TD>-32768</TD>
  </TR>
  <TR>
    <TD>CXO J053517.9-052335</TD>
    <TD>83.82483373</TD>
    <TD>-5.39311699</TD>
    <TD>6.66509E-15</TD>
    <TD>5.48228E-15</TD>
    <TD>0</TD>
    <TD>-32768</TD>
  </TR>
  <TR>
    <TD>CXO J053517.9-052240</TD>
    <TD>83.82493994</TD>
    <TD>-5.37799385</TD>
    <TD></TD>
    <TD></TD>
    <TD>-32768</TD>
    <TD>-32768</TD>
  </TR>
  <TR>
    <TD>CXO J053518.0-052402</TD>
    <TD>83.82516072</TD>
    <TD>-5.40081854</TD>
    <TD>7.56507E-15</TD>
    <TD>6.29819E-15</TD>
    <TD>8</TD>
    <TD>-32768</TD>
  </TR>
  <TR>
    <TD>CXO J053518.0-052400</TD>
    <TD>83.82528688</TD>
    <TD>-5.40027107</TD>
    <TD>1.52375E-14</TD>
    <TD>1.35145E-14</TD>
    <TD>8</TD>
    <TD>-32768</TD>
  </TR>
  <TR>
    <TD>CXO J053518.2-052335</TD>
    <TD>83.82583666</TD>
    <TD>-5.39324991</TD>
    <TD>1.45277E-14</TD>
    <TD>1.28904E-14</TD>
    <TD>8</TD>
    <TD>-32768</TD>
  </TR>
  <TR>
    <TD>CXO J053518.2-052315</TD>
    <TD>83.82596286</TD>
    <TD>-5.38760267</TD>
    <TD></TD>
    <TD></TD>
    <TD>5</TD>
    <TD>-32768</TD>
  </TR>
  <TR>
    <TD>CXO J053518.3-052241</TD>
    <TD>83.82636223</TD>
    <TD>-5.37814958</TD>
    <TD></TD>
    <TD></TD>
    <TD>-32768</TD>
    <TD>-32768</TD>
  </TR>
  <TR>
    <TD>CXO J053518.3-052404</TD>
    <TD>83.82637823</TD>
    <TD>-5.40130088</TD>
    <TD>9.74068E-15</TD>
    <TD>8.39717E-15</TD>
    <TD>6</TD>
    <TD>-32768</TD>
  </TR>
  <TR>
    <TD>CXO J053518.3-052237</TD>
    <TD>83.82655004</TD>
    <TD>-5.37707075</TD>
    <TD>4.8168E-13</TD>
    <TD>4.72606E-13</TD>
    <TD>8</TD>
    <TD>-32768</TD>
  </TR>
  <TR>
    <TD>CXO J053518.4-052406</TD>
    <TD>83.82694247</TD>
    <TD>-5.40191265</TD>
    <TD>2.62695E-15</TD>
    <TD>1.92102E-15</TD>
    <TD>8</TD>
    <TD>-32768</TD>
  </TR>
  <TR>
    <TD>CXO J053518.5-052329</TD>
    <TD>83.82710603</TD>
    <TD>-5.39139544</TD>
    <TD></TD>
    <TD></TD>
    <TD>0</TD>
    <TD>-32768</TD>
  </TR>
  <TR>
    <TD>CXO J053518.6-052313</TD>
    <TD>83.82775602</TD>
    <TD>-5.3871475</TD>
    <TD>2.48157E-15</TD>
    <TD>1.74615E-15</TD>
    <TD>8</TD>
    <TD>-32768</TD>
  </TR>
  <TR>
    <TD>CXO J053518.7-052256</TD>
    <TD>83.82792335</TD>
    <TD>-5.38241003</TD>
    <TD>2.00977E-14</TD>
    <TD>1.81923E-14</TD>
    <TD>8</TD>
    <TD>-32768</TD>
  </TR>
  <TR>
    <TD>CXO J053518.8-052306</TD>
    <TD>83.8285511</TD>
    <TD>-5.38520688</TD>
    <TD></TD>
    <TD></TD>
    <TD>3</TD>
    <TD>-32768</TD>
  </TR>
  <TR>
    <TD>CXO J053518.8-052328</TD>
    <TD>83.82863504</TD>
    <TD>-5.39130935</TD>
    <TD>3.41606E-15</TD>
    <TD>2.54272E-15</TD>
    <TD>7</TD>
    <TD>-32768</TD>
  </TR>
  <TR>
    <TD>CXO J053518.8-052417</TD>
    <TD>83.82870493</TD>
    <TD>-5.40479945</TD>
    <TD>2.54071E-15</TD>
    <TD>1.81143E-15</TD>
    <TD>5</TD>
    <TD>-32768</TD>
  </TR>
  <TR>
    <TD>CXO J053518.9-052321</TD>
    <TD>83.82900851</TD>
    <TD>-5.38938879</TD>
    <TD>3.93679E-15</TD>
    <TD>3.03809E-15</TD>
    <TD>7</TD>
    <TD>-32768</TD>
  </TR>
  <TR>
    <TD>CXO J053519.0-052349</TD>
    <TD>83.82943179</TD>
    <TD>-5.39707745</TD>
    <TD>2.50362E-15</TD>
    <TD>1.77341E-15</TD>
    <TD>5</TD>
    <TD>-32768</TD>
  </TR>
  <TR>
    <TD>CXO J053519.0-052307</TD>
    <TD>83.82947555</TD>
    <TD>-5.38538553</TD>
    <TD></TD>
    <TD></TD>
    <TD>-32768</TD>
    <TD>-32768</TD>
  </TR>
  <TR>
    <TD>CXO J053519.1-052326</TD>
    <TD>83.82965729</TD>
    <TD>-5.39079219</TD>
    <TD>3.13813E-14</TD>
    <TD>2.90203E-14</TD>
    <TD>8</TD>
    <TD>-32768</TD>
  </TR>
  <TR>
    <TD>CXO J053519.2-052250</TD>
    <TD>83.83003508</TD>
    <TD>-5.38069248</TD>
    <TD>2.18413E-14</TD>
    <TD>1.98589E-14</TD>
    <TD>8</TD>
    <TD>-32768</TD>
  </TR>
  <TR>
    <TD>CXO J053519.3-052306</TD>
    <TD>83.83073658</TD>
    <TD>-5.38508642</TD>
    <TD>1.51947E-14</TD>
    <TD>1.35327E-14</TD>
    <TD>5</TD>
    <TD>-32768</TD>
  </TR>
  <TR>
    <TD>CXO J053519.6-052357</TD>
    <TD>83.83170407</TD>
    <TD>-5.3992085</TD>
    <TD>1.58911E-14</TD>
    <TD>1.41853E-14</TD>
    <TD>8</TD>
    <TD>-32768</TD>
  </TR>
  <TR>
    <TD>CXO J053519.6-052303</TD>
    <TD>83.83180325</TD>
    <TD>-5.38429503</TD>
    <TD></TD>
    <TD></TD>
    <TD>8</TD>
    <TD>-32768</TD>
  </TR>
  <TR>
    <TD>CXO J053520.1-052308</TD>
    <TD>83.83405767</TD>
    <TD>-5.38565134</TD>
    <TD>8.91914E-15</TD>
    <TD>7.62577E-15</TD>
    <TD>8</TD>
    <TD>-32768</TD>
  </TR>
  <TR>
    <TD>CXO J053520.4-052329</TD>
    <TD>83.83524928</TD>
    <TD>-5.39157915</TD>
    <TD>6.19981E-14</TD>
    <TD>5.87156E-14</TD>
    <TD>8</TD>
    <TD>-32768</TD>
  </TR>
  <TR>
    <TD>CXO J053520.6-052353</TD>
    <TD>83.83613982</TD>
    <TD>-5.39807062</TD>
    <TD>3.53667E-14</TD>
    <TD>3.28387E-14</TD>
    <TD>8</TD>
    <TD>-32768</TD>
  </TR>
  <TR>
    <TD>CXO J053520.9-052321</TD>
    <TD>83.83713079</TD>
    <TD>-5.38937613</TD>
    <TD>4.79489E-15</TD>
    <TD>3.76627E-15</TD>
    <TD>7</TD>
    <TD>-32768</TD>
  </TR>
  <TR>
    <TD>CXO J053521.0-052348</TD>
    <TD>83.83769663</TD>
    <TD>-5.39690299</TD>
    <TD>4.11609E-13</TD>
    <TD>4.032E-13</TD>
    <TD>8</TD>
    <TD>-32768</TD>
  </TR>
</TABLEDATA>
</DATA>
</TABLE>
</RESOURCE>
</VOTABLE>
